x,y,試行回数
-0.16342117,-0.40995103,"(エポック0,試行回数1)"
-0.16688554,-0.4221546,"(エポック0,試行回数1)"
-0.17046264,-0.43425912,"(エポック0,試行回数1)"
-0.17415114,-0.4462653,"(エポック0,試行回数1)"
-0.17795011,-0.45817336,"(エポック0,試行回数1)"
-0.18185833,-0.4699838,"(エポック0,試行回数1)"
-0.18587473,-0.4816971,"(エポック0,試行回数1)"
-0.18999793,-0.4933137,"(エポック0,試行回数1)"
-0.19422716,-0.50483453,"(エポック0,試行回数1)"
-0.19856116,-0.51626,"(エポック0,試行回数1)"
-0.20299879,-0.5275908,"(エポック0,試行回数1)"
-0.20753899,-0.53882754,"(エポック0,試行回数1)"
-0.21218058,-0.54997087,"(エポック0,試行回数1)"
-0.21692249,-0.56102157,"(エポック0,試行回数1)"
-0.2217636,-0.57198036,"(エポック0,試行回数1)"
-0.22670278,-0.5828481,"(エポック0,試行回数1)"
-0.23173854,-0.5936228,"(エポック0,試行回数1)"
-0.23687041,-0.6043096,"(エポック0,試行回数1)"
-0.24209698,-0.6149075,"(エポック0,試行回数1)"
-0.24741714,-0.6254174,"(エポック0,試行回数1)"
-0.25282976,-0.63584,"(エポック0,試行回数1)"
-0.25833377,-0.6461762,"(エポック0,試行回数1)"
-0.26392797,-0.656427,"(エポック0,試行回数1)"
-0.26961133,-0.66659325,"(エポック0,試行回数1)"
-0.27538267,-0.6766759,"(エポック0,試行回数1)"
-0.2812409,-0.6866759,"(エポック0,試行回数1)"
-0.28718492,-0.6965941,"(エポック0,試行回数1)"
-0.29321364,-0.70643175,"(エポック0,試行回数1)"
-0.2993269,-0.71618605,"(エポック0,試行回数1)"
-0.30552182,-0.7258642,"(エポック0,試行回数1)"
-0.3117981,-0.73546445,"(エポック0,試行回数1)"
-0.31815463,-0.7449879,"(エポック0,試行回数1)"
-0.32459027,-0.75443566,"(エポック0,試行回数1)"
-0.331104,-0.7638086,"(エポック0,試行回数1)"
-0.33769473,-0.773108,"(エポック0,試行回数1)"
-0.34436116,-0.7823348,"(エポック0,試行回数1)"
-0.3511024,-0.7914899,"(エポック0,試行回数1)"
-0.35791728,-0.80057484,"(エポック0,試行回数1)"
-0.36480463,-0.8095904,"(エポック0,試行回数1)"
-0.37176344,-0.8185377,"(エポック0,試行回数1)"
-0.37879205,-0.8274174,"(エポック0,試行回数1)"
-0.38589025,-0.8362316,"(エポック0,試行回数1)"
-0.39305654,-0.844981,"(エポック0,試行回数1)"
-0.40028992,-0.8536668,"(エポック0,試行回数1)"
-0.40758914,-0.86229,"(エポック0,試行回数1)"
-0.41495323,-0.87085193,"(エポック0,試行回数1)"
-0.42238107,-0.87935364,"(エポック0,試行回数1)"
-0.42987156,-0.88779634,"(エポック0,試行回数1)"
-0.43742365,-0.89618117,"(エポック0,試行回数1)"
-0.44503623,-0.9045093,"(エポック0,試行回数1)"
-0.4527082,-0.912782,"(エポック0,試行回数1)"
-0.46043858,-0.92100036,"(エポック0,試行回数1)"
-0.46822625,-0.92916244,"(エポック0,試行回数1)"
-0.47607008,-0.93727493,"(エポック0,試行回数1)"
-0.483969,-0.94533664,"(エポック0,試行回数1)"
-0.491922,-0.9533486,"(エポック0,試行回数1)"
-0.49992797,-0.96131194,"(エポック0,試行回数1)"
-0.5079859,-0.9692279,"(エポック0,試行回数1)"
-0.51609474,-0.9770977,"(エポック0,試行回数1)"
-0.5242534,-0.9849225,"(エポック0,試行回数1)"
-0.5324608,-0.9927034,"(エポック0,試行回数1)"
-0.5407162,-1.0004416,"(エポック0,試行回数1)"
-0.5490181,-1.0081381,"(エポック0,試行回数1)"
-0.55736566,-1.0157945,"(エポック0,試行回数1)"
-0.565758,-1.0234115,"(エポック0,試行回数1)"
-0.5741949,-1.0309904,"(エポック0,試行回数1)"
-0.58267367,-1.0385324,"(エポック0,試行回数1)"
-0.5911941,-1.0460384,"(エポック0,試行回数1)"
-0.59975517,-1.0535097,"(エポック0,試行回数1)"
-0.6083558,-1.0609477,"(エポック0,試行回数1)"
-0.61699516,-1.0683529,"(エポック0,試行回数1)"
-0.62567216,-1.0757269,"(エポック0,試行回数1)"
-0.63438576,-1.0830708,"(エポック0,試行回数1)"
-0.6431352,-1.0903853,"(エポック0,試行回数1)"
-0.65191925,-1.0976719,"(エポック0,試行回数1)"
-0.66073716,-1.1049314,"(エポック0,試行回数1)"
-0.6695878,-1.1121646,"(エポック0,試行回数1)"
-0.67847025,-1.1193733,"(エポック0,試行回数1)"
-0.687383,-1.1265599,"(エポック0,試行回数1)"
-0.6963263,-1.1337223,"(エポック0,試行回数1)"
-0.70529866,-1.140863,"(エポック0,試行回数1)"
-0.714299,-1.1479828,"(エポック0,試行回数1)"
-0.7233267,-1.1550831,"(エポック0,試行回数1)"
-0.73238057,-1.1621644,"(エポック0,試行回数1)"
-0.7414599,-1.1692284,"(エポック0,試行回数1)"
-0.7505636,-1.1762754,"(エポック0,試行回数1)"
-0.75969106,-1.1833068,"(エポック0,試行回数1)"
-0.7688412,-1.1903234,"(エポック0,試行回数1)"
-0.7780131,-1.197326,"(エポック0,試行回数1)"
-0.78720605,-1.2043157,"(エポック0,試行回数1)"
-0.7964191,-1.2112935,"(エポック0,試行回数1)"
-0.80565155,-1.21826,"(エポック0,試行回数1)"
-0.8149023,-1.2252164,"(エポック0,試行回数1)"
-0.82417136,-1.2321632,"(エポック0,試行回数1)"
-0.8334567,-1.2391016,"(エポック0,試行回数1)"
-0.84275806,-1.2460327,"(エポック0,試行回数1)"
-0.8520746,-1.2529566,"(エポック0,試行回数1)"
-0.8614057,-1.2598749,"(エポック0,試行回数1)"
-0.8707502,-1.266788,"(エポック0,試行回数1)"
-0.88010776,-1.2736969,"(エポック0,試行回数1)"
-0.8894772,-1.2806019,"(エポック0,試行回数1)"
-0.8988581,-1.2875043,"(エポック0,試行回数1)"
-0.90824944,-1.2944047,"(エポック0,試行回数1)"
-0.91765076,-1.3013039,"(エポック0,試行回数1)"
-0.92706114,-1.3082025,"(エポック0,試行回数1)"
-0.93648,-1.3151013,"(エポック0,試行回数1)"
-0.9459064,-1.322001,"(エポック0,試行回数1)"
-0.9553399,-1.3289022,"(エポック0,試行回数1)"
-0.9647796,-1.3358058,"(エポック0,試行回数1)"
-0.974225,-1.3427123,"(エポック0,試行回数1)"
-0.9836734,-1.3496207,"(エポック0,試行回数1)"
-0.99312764,-1.3565347,"(エポック0,試行回数1)"
-1.0025853,-1.3634535,"(エポック0,試行回数1)"
-1.0120462,-1.3703777,"(エポック0,試行回数1)"
-1.0215093,-1.3773078,"(エポック0,試行回数1)"
-1.0309739,-1.3842444,"(エポック0,試行回数1)"
-1.0404396,-1.3911885,"(エポック0,試行回数1)"
-1.0499057,-1.3981401,"(エポック0,試行回数1)"
-1.0593718,-1.4050999,"(エポック0,試行回数1)"
-1.0688369,-1.4120684,"(エポック0,試行回数1)"
-1.0783008,-1.4190464,"(エポック0,試行回数1)"
-1.0877628,-1.4260341,"(エポック0,試行回数1)"
-1.0972224,-1.4330322,"(エポック0,試行回数1)"
-1.106679,-1.440041,"(エポック0,試行回数1)"
-1.1161319,-1.4470606,"(エポック0,試行回数1)"
-1.1255809,-1.4540921,"(エポック0,試行回数1)"
-1.135025,-1.4611357,"(エポック0,試行回数1)"
-1.1444641,-1.4681919,"(エポック0,試行回数1)"
-1.1538982,-1.4752555,"(エポック0,試行回数1)"
-1.1633257,-1.482337,"(エポック0,試行回数1)"
-1.1727463,-1.4894319,"(エポック0,試行回数1)"
-1.1821599,-1.4965404,"(エポック0,試行回数1)"
-1.1915661,-1.5036638,"(エポック0,試行回数1)"
-1.2009645,-1.5108014,"(エポック0,試行回数1)"
-1.210354,-1.517954,"(エポック0,試行回数1)"
-1.2197347,-1.5251215,"(エポック0,試行回数1)"
-1.2291061,-1.532305,"(エポック0,試行回数1)"
-1.2384677,-1.539504,"(エポック0,試行回数1)"
-1.2478191,-1.5467192,"(エポック0,試行回数1)"
-1.2571598,-1.5539507,"(エポック0,試行回数1)"
-1.2664899,-1.561199,"(エポック0,試行回数1)"
-1.2758082,-1.568464,"(エポック0,試行回数1)"
-1.2851149,-1.5757459,"(エポック0,試行回数1)"
-1.2944093,-1.5830454,"(エポック0,試行回数1)"
-1.3036915,-1.5903622,"(エポック0,試行回数1)"
-1.3129605,-1.5976969,"(エポック0,試行回数1)"
-1.3222163,-1.6050495,"(エポック0,試行回数1)"
-1.331459,-1.6124201,"(エポック0,試行回数1)"
-1.3406874,-1.6198089,"(エポック0,試行回数1)"
-1.3499017,-1.6272162,"(エポック0,試行回数1)"
-1.3591038,-1.6346458,"(エポック0,試行回数1)"
-1.3682894,-1.6420907,"(エポック0,試行回数1)"
-1.3774596,-1.6495546,"(エポック0,試行回数1)"
-1.3866147,-1.6570373,"(エポック0,試行回数1)"
-1.395754,-1.664539,"(エポック0,試行回数1)"
-1.4048774,-1.67206,"(エポック0,試行回数1)"
-1.4139847,-1.6796002,"(エポック0,試行回数1)"
-1.4230756,-1.6871599,"(エポック0,試行回数1)"
-1.4321496,-1.6947389,"(エポック0,試行回数1)"
-1.4412067,-1.7023374,"(エポック0,試行回数1)"
-1.4502469,-1.7099557,"(エポック0,試行回数1)"
-1.4592694,-1.7175934,"(エポック0,試行回数1)"
-1.4682745,-1.7252508,"(エポック0,試行回数1)"
-1.4772618,-1.732928,"(エポック0,試行回数1)"
-1.4862309,-1.740625,"(エポック0,試行回数1)"
-1.4951814,-1.7483418,"(エポック0,試行回数1)"
-1.504114,-1.7560782,"(エポック0,試行回数1)"
-1.5130279,-1.7638346,"(エポック0,試行回数1)"
-1.5219228,-1.7716109,"(エポック0,試行回数1)"
-1.5307987,-1.7794068,"(エポック0,試行回数1)"
-1.5396554,-1.7872227,"(エポック0,試行回数1)"
-1.5484931,-1.7950584,"(エポック0,試行回数1)"
-1.5573112,-1.8029138,"(エポック0,試行回数1)"
-1.5661111,-1.8107876,"(エポック0,試行回数1)"
-1.5748903,-1.8186824,"(エポック0,試行回数1)"
-1.5836492,-1.8265969,"(エポック0,試行回数1)"
-1.5923884,-1.8345308,"(エポック0,試行回数1)"
-1.6011074,-1.8424845,"(エポック0,試行回数1)"
-1.6098062,-1.8504577,"(エポック0,試行回数1)"
-1.6184849,-1.8584503,"(エポック0,試行回数1)"
-1.6271429,-1.8664626,"(エポック0,試行回数1)"
-1.6357805,-1.8744938,"(エポック0,試行回数1)"
-1.6443974,-1.8825448,"(エポック0,試行回数1)"
-1.6529937,-1.8906149,"(エポック0,試行回数1)"
-1.661569,-1.898704,"(エポック0,試行回数1)"
-1.6701233,-1.9068123,"(エポック0,試行回数1)"
-1.6786573,-1.9149396,"(エポック0,試行回数1)"
-1.6871697,-1.9230859,"(エポック0,試行回数1)"
-1.6956611,-1.931251,"(エポック0,試行回数1)"
-1.7041314,-1.939435,"(エポック0,試行回数1)"
-1.7125807,-1.9476374,"(エポック0,試行回数1)"
-1.7210084,-1.9558583,"(エポック0,試行回数1)"
-1.729415,-1.964098,"(エポック0,試行回数1)"
-1.7378004,-1.9723556,"(エポック0,試行回数1)"
-1.7461644,-1.980632,"(エポック0,試行回数1)"
-1.754507,-1.988926,"(エポック0,試行回数1)"
-1.7628282,-1.9972382,"(エポック0,試行回数1)"
-1.7711291,-2.0055635,"(エポック0,試行回数1)"
-1.7794079,-2.013911,"(エポック0,試行回数1)"
-1.787665,-2.0222754,"(エポック0,試行回数1)"
-0.16342117,-0.40995103,"(エポック100,試行回数1)"
-0.116772,-0.39462295,"(エポック100,試行回数1)"
-0.07098537,-0.3754326,"(エポック100,試行回数1)"
-0.026438678,-0.35231408,"(エポック100,試行回数1)"
0.016483475,-0.32523102,"(エポック100,試行回数1)"
0.05739176,-0.29417455,"(エポック100,試行回数1)"
0.095896795,-0.25916436,"(エポック100,試行回数1)"
0.13161297,-0.2202544,"(エポック100,試行回数1)"
0.16416255,-0.17752697,"(エポック100,試行回数1)"
0.1931799,-0.1310973,"(エポック100,試行回数1)"
0.21831486,-0.08111076,"(エポック100,試行回数1)"
0.23923676,-0.027743764,"(エポック100,試行回数1)"
0.2556377,0.028798252,"(エポック100,試行回数1)"
0.26723605,0.088281505,"(エポック100,試行回数1)"
0.27377814,0.15044563,"(エポック100,試行回数1)"
0.27504238,0.21500535,"(エポック100,試行回数1)"
0.27084228,0.28165266,"(エポック100,試行回数1)"
0.26102456,0.35005853,"(エポック100,試行回数1)"
0.2454757,0.41987628,"(エポック100,試行回数1)"
0.22412105,0.49074298,"(エポック100,試行回数1)"
0.19692637,0.56228393,"(エポック100,試行回数1)"
0.16389824,0.6341143,"(エポック100,試行回数1)"
0.12508437,0.7058439,"(エポック100,試行回数1)"
0.08057276,0.7770798,"(エポック100,試行回数1)"
0.030489765,0.84742814,"(エポック100,試行回数1)"
-0.025001172,0.91649675,"(エポック100,試行回数1)"
-0.08570357,0.98390114,"(エポック100,試行回数1)"
-0.15139043,1.0492617,"(エポック100,試行回数1)"
-0.2218082,1.1122019,"(エポック100,試行回数1)"
-0.2966809,1.1723614,"(エポック100,試行回数1)"
-0.37571317,1.2293829,"(エポック100,試行回数1)"
-0.45859563,1.2829211,"(エポック100,試行回数1)"
-0.5450054,1.3326377,"(エポック100,試行回数1)"
-0.6346117,1.3782095,"(エポック100,試行回数1)"
-0.727077,1.4193223,"(エポック100,試行回数1)"
-0.82205737,1.4556715,"(エポック100,試行回数1)"
-0.9192091,1.4869746,"(エポック100,試行回数1)"
-1.0181855,1.5129594,"(エポック100,試行回数1)"
-1.1186405,1.533367,"(エポック100,試行回数1)"
-1.22023,1.5479674,"(エポック100,試行回数1)"
-1.3226104,1.5565437,"(エポック100,試行回数1)"
-1.425445,1.5589056,"(エポック100,試行回数1)"
-1.5283985,1.5548874,"(エポック100,試行回数1)"
-1.6311395,1.5443481,"(エポック100,試行回数1)"
-1.7333434,1.5271822,"(エポック100,試行回数1)"
-1.8346883,1.5033122,"(エポック100,試行回数1)"
-1.9348565,1.4726954,"(エポック100,試行回数1)"
-2.033534,1.435323,"(エポック100,試行回数1)"
-2.1304097,1.3912203,"(エポック100,試行回数1)"
-2.2251792,1.340445,"(エポック100,試行回数1)"
-2.3175282,1.2830906,"(エポック100,試行回数1)"
-2.4071515,1.2192758,"(エポック100,試行回数1)"
-2.4937477,1.1491407,"(エポック100,試行回数1)"
-2.576999,1.072854,"(エポック100,試行回数1)"
-2.6565986,0.99059516,"(エポック100,試行回数1)"
-2.7322237,0.90255946,"(エポック100,試行回数1)"
-2.803564,0.80894864,"(エポック100,試行回数1)"
-2.8702934,0.7099695,"(エポック100,試行回数1)"
-2.932086,0.6058373,"(エポック100,試行回数1)"
-2.9886103,0.4967663,"(エポック100,試行回数1)"
-3.0395305,0.38297427,"(エポック100,試行回数1)"
-3.084509,0.26468104,"(エポック100,試行回数1)"
-3.1232054,0.14210983,"(エポック100,試行回数1)"
-3.1552749,0.015489122,"(エポック100,試行回数1)"
-3.1803806,-0.1149464,"(エポック100,試行回数1)"
-3.1981864,-0.24895196,"(エポック100,試行回数1)"
-3.2083647,-0.38626897,"(エポック100,試行回数1)"
-3.2105994,-0.5266234,"(エポック100,試行回数1)"
-3.204592,-0.6697191,"(エポック100,試行回数1)"
-3.190068,-0.81523556,"(エポック100,試行回数1)"
-3.1667678,-0.9628217,"(エポック100,試行回数1)"
-3.1344662,-1.1120962,"(エポック100,試行回数1)"
-3.0929735,-1.2626454,"(エポック100,試行回数1)"
-3.0421083,-1.4140265,"(エポック100,試行回数1)"
-2.9817348,-1.5657736,"(エポック100,試行回数1)"
-2.9117396,-1.7174163,"(エポック100,試行回数1)"
-2.83204,-1.8684822,"(エポック100,試行回数1)"
-2.7425878,-2.0185359,"(エポック100,試行回数1)"
-2.643373,-2.167182,"(エポック100,試行回数1)"
-2.5344415,-2.3140793,"(エポック100,試行回数1)"
-2.4158852,-2.4589398,"(エポック100,試行回数1)"
-2.2878785,-2.6015124,"(エポック100,試行回数1)"
-2.1506617,-2.7415612,"(エポック100,試行回数1)"
-2.0045698,-2.8788402,"(エポック100,試行回数1)"
-1.8499948,-3.0130732,"(エポック100,試行回数1)"
-1.687392,-3.1439426,"(エポック100,試行回数1)"
-1.5172462,-3.2710843,"(エポック100,試行回数1)"
-1.340059,-3.3941092,"(エポック100,試行回数1)"
-1.1563281,-3.5126195,"(エポック100,試行回数1)"
-0.96653414,-3.6262267,"(エポック100,試行回数1)"
-0.77115643,-3.7345674,"(エポック100,試行回数1)"
-0.5706734,-3.837318,"(エポック100,試行回数1)"
-0.36558378,-3.9341776,"(エポック100,試行回数1)"
-0.15640667,-4.0248947,"(エポック100,試行回数1)"
0.05630061,-4.1092024,"(エポック100,試行回数1)"
0.27196082,-4.1868243,"(エポック100,試行回数1)"
0.4899665,-4.2574534,"(エポック100,試行回数1)"
0.7097113,-4.32074,"(エポック100,試行回数1)"
0.93058115,-4.376274,"(エポック100,試行回数1)"
1.1519809,-4.4236574,"(エポック100,試行回数1)"
1.3733248,-4.462466,"(エポック100,試行回数1)"
1.5940552,-4.492318,"(エポック100,試行回数1)"
1.8136431,-4.512931,"(エポック100,試行回数1)"
2.0315998,-4.524143,"(エポック100,試行回数1)"
2.2474658,-4.525955,"(エポック100,試行回数1)"
2.4608152,-4.518548,"(エポック100,試行回数1)"
2.671258,-4.502191,"(エポック100,試行回数1)"
2.8784106,-4.477272,"(エポック100,試行回数1)"
3.0818932,-4.4442277,"(エポック100,試行回数1)"
3.281356,-4.4034886,"(エポック100,試行回数1)"
3.4764564,-4.3554792,"(エポック100,試行回数1)"
3.6669085,-4.3005953,"(エポック100,試行回数1)"
3.8524694,-4.239187,"(エポック100,試行回数1)"
4.032975,-4.1715846,"(エポック100,試行回数1)"
4.2083263,-4.0980678,"(エポック100,試行回数1)"
4.3784804,-4.018884,"(エポック100,試行回数1)"
4.543459,-3.9342525,"(エポック100,試行回数1)"
4.7032967,-3.8443627,"(エポック100,試行回数1)"
4.8580594,-3.7493856,"(エポック100,試行回数1)"
5.007802,-3.649491,"(エポック100,試行回数1)"
5.152581,-3.5448427,"(エポック100,試行回数1)"
5.292436,-3.4356122,"(エポック100,試行回数1)"
5.4274244,-3.3219569,"(エポック100,試行回数1)"
5.557576,-3.204062,"(エポック100,試行回数1)"
5.682923,-3.082105,"(エポック100,試行回数1)"
5.8034906,-2.9562612,"(エポック100,試行回数1)"
5.919288,-2.826712,"(エポック100,試行回数1)"
6.030321,-2.6936297,"(エポック100,試行回数1)"
6.136593,-2.5571687,"(エポック100,試行回数1)"
6.2380824,-2.417475,"(エポック100,試行回数1)"
6.3347616,-2.2746818,"(エポック100,試行回数1)"
6.426595,-2.1289084,"(エポック100,試行回数1)"
6.5135384,-1.9802612,"(エポック100,試行回数1)"
6.5955443,-1.8288404,"(エポック100,試行回数1)"
6.6725526,-1.6747507,"(エポック100,試行回数1)"
6.7445154,-1.5180873,"(エポック100,試行回数1)"
6.8113875,-1.3589505,"(エポック100,試行回数1)"
6.8731303,-1.1974484,"(エポック100,試行回数1)"
6.929709,-1.0336912,"(エポック100,試行回数1)"
6.981092,-0.86778885,"(エポック100,試行回数1)"
7.0272784,-0.699859,"(エポック100,試行回数1)"
7.0682635,-0.5300222,"(エポック100,試行回数1)"
7.104065,-0.35839945,"(エポック100,試行回数1)"
7.13472,-0.18510866,"(エポック100,試行回数1)"
7.1602993,-0.01026782,"(エポック100,試行回数1)"
7.1808577,0.16601025,"(エポック100,試行回数1)"
7.196502,0.3436164,"(エポック100,試行回数1)"
7.207329,0.5224607,"(エポック100,試行回数1)"
7.213427,0.7024627,"(エポック100,試行回数1)"
7.2148814,0.88355637,"(エポック100,試行回数1)"
7.211744,1.0656921,"(エポック100,試行回数1)"
7.204076,1.2488393,"(エポック100,試行回数1)"
7.1918707,1.4329709,"(エポック100,試行回数1)"
7.175107,1.6180593,"(エポック100,試行回数1)"
7.1537333,1.8040786,"(エポック100,試行回数1)"
7.127687,1.991002,"(エポック100,試行回数1)"
7.096874,2.1787798,"(エポック100,試行回数1)"
7.0612073,2.3673482,"(エポック100,試行回数1)"
7.020603,2.5566266,"(エポック100,試行回数1)"
6.9749837,2.7465177,"(エポック100,試行回数1)"
6.924289,2.936908,"(エポック100,試行回数1)"
6.868451,3.1276548,"(エポック100,試行回数1)"
6.8074207,3.3186176,"(エポック100,試行回数1)"
6.741147,3.5096471,"(エポック100,試行回数1)"
6.6695895,3.700583,"(エポック100,試行回数1)"
6.592707,3.8912742,"(エポック100,試行回数1)"
6.5104675,4.081566,"(エポック100,試行回数1)"
6.4228544,4.2713037,"(エポック100,試行回数1)"
6.3298492,4.460338,"(エポック100,試行回数1)"
6.231471,4.6485076,"(エポック100,試行回数1)"
6.127757,4.8356633,"(エポック100,試行回数1)"
6.018772,5.0216737,"(エポック100,試行回数1)"
5.9046197,5.206417,"(エポック100,試行回数1)"
5.785424,5.3898034,"(エポック100,試行回数1)"
5.661342,5.57177,"(エポック100,試行回数1)"
5.5325785,5.7522435,"(エポック100,試行回数1)"
5.399375,5.9311976,"(エポック100,試行回数1)"
5.261985,6.1085978,"(エポック100,試行回数1)"
5.120662,6.284411,"(エポック100,試行回数1)"
4.9756675,6.4586077,"(エポック100,試行回数1)"
4.8272066,6.631161,"(エポック100,試行回数1)"
4.675422,6.802057,"(エポック100,試行回数1)"
4.5203915,6.971294,"(エポック100,試行回数1)"
4.3621383,7.138873,"(エポック100,試行回数1)"
4.200614,7.3048067,"(エポック100,試行回数1)"
4.035736,7.469142,"(エポック100,試行回数1)"
3.8673835,7.63191,"(エポック100,試行回数1)"
3.6954577,7.7931366,"(エポック100,試行回数1)"
3.519895,7.9528494,"(エポック100,試行回数1)"
3.340675,8.111066,"(エポック100,試行回数1)"
3.1578119,8.267809,"(エポック100,試行回数1)"
2.9714646,8.423043,"(エポック100,試行回数1)"
2.781808,8.576756,"(エポック100,試行回数1)"
2.5890596,8.72892,"(エポック100,試行回数1)"
2.3934646,8.879492,"(エポック100,試行回数1)"
2.1953008,9.028423,"(エポック100,試行回数1)"
1.994829,9.175643,"(エポック100,試行回数1)"
1.7923064,9.3211,"(エポック100,試行回数1)"
1.5879754,9.464731,"(エポック100,試行回数1)"
1.3820784,9.606456,"(エポック100,試行回数1)"
-0.16342117,-0.40995103,"(エポック200,試行回数1)"
-0.10243706,-0.39633873,"(エポック200,試行回数1)"
-0.040711995,-0.37727392,"(エポック200,試行回数1)"
0.021246644,-0.35265517,"(エポック200,試行回数1)"
0.08290142,-0.32243466,"(エポック200,試行回数1)"
0.14369495,-0.2866207,"(エポック200,試行回数1)"
0.20305794,-0.24527977,"(エポック200,試行回数1)"
0.26042026,-0.19853763,"(エポック200,試行回数1)"
0.31521842,-0.14657426,"(エポック200,試行回数1)"
0.36690602,-0.0896244,"(エポック200,試行回数1)"
0.41496503,-0.027972406,"(エポック200,試行回数1)"
0.4589089,0.038054135,"(エポック200,試行回数1)"
0.49829176,0.1080896,"(エポック200,試行回数1)"
0.5327108,0.18173683,"(エポック200,試行回数1)"
0.56181085,0.25857338,"(エポック200,試行回数1)"
0.5852836,0.33815742,"(エポック200,試行回数1)"
0.6028678,0.42003277,"(エポック200,試行回数1)"
0.6143511,0.50373465,"(エポック200,試行回数1)"
0.6195677,0.58879435,"(エポック200,試行回数1)"
0.61839235,0.6747405,"(エポック200,試行回数1)"
0.6107454,0.7611037,"(エポック200,試行回数1)"
0.5965887,0.847422,"(エポック200,試行回数1)"
0.5759204,0.93324125,"(エポック200,試行回数1)"
0.5487821,1.0181155,"(エポック200,試行回数1)"
0.5152493,1.1016107,"(エポック200,試行回数1)"
0.4754319,1.1833088,"(エポック200,試行回数1)"
0.42947268,1.2628027,"(エポック200,試行回数1)"
0.37754312,1.3396988,"(エポック200,試行回数1)"
0.31983984,1.4136169,"(エポック200,試行回数1)"
0.25658104,1.4841846,"(エポック200,試行回数1)"
0.18800117,1.551039,"(エポック200,試行回数1)"
0.11434771,1.6138256,"(エポック200,試行回数1)"
0.03587626,1.6721859,"(エポック200,試行回数1)"
-0.047152344,1.7257698,"(エポック200,試行回数1)"
-0.13447353,1.77422,"(エポック200,試行回数1)"
-0.22582157,1.817174,"(エポック200,試行回数1)"
-0.32092863,1.854273,"(エポック200,試行回数1)"
-0.41952446,1.8851503,"(エポック200,試行回数1)"
-0.5213346,1.9094341,"(エポック200,試行回数1)"
-0.6260768,1.9267546,"(エポック200,試行回数1)"
-0.73346096,1.9367425,"(エポック200,試行回数1)"
-0.84318274,1.939043,"(エポック200,試行回数1)"
-0.9549242,1.933315,"(エポック200,試行回数1)"
-1.0683522,1.9192457,"(エポック200,試行回数1)"
-1.183114,1.8965559,"(エポック200,試行回数1)"
-1.2988416,1.8650186,"(エポック200,試行回数1)"
-1.4151487,1.8244585,"(エポック200,試行回数1)"
-1.5316366,1.7747788,"(エポック200,試行回数1)"
-1.6478907,1.715952,"(エポック200,試行回数1)"
-1.7634904,1.648031,"(エポック200,試行回数1)"
-1.8779911,1.5711514,"(エポック200,試行回数1)"
-1.990943,1.4855218,"(エポック200,試行回数1)"
-2.1018887,1.3914266,"(エポック200,試行回数1)"
-2.2103567,1.2892079,"(エポック200,試行回数1)"
-2.3158529,1.1792597,"(エポック200,試行回数1)"
-2.4179003,1.0620131,"(エポック200,試行回数1)"
-2.516006,0.93792266,"(エポック200,試行回数1)"
-2.609674,0.80746204,"(エポック200,試行回数1)"
-2.69842,0.67110527,"(エポック200,試行回数1)"
-2.781781,0.5293232,"(エポック200,試行回数1)"
-2.8592894,0.38257378,"(エポック200,試行回数1)"
-2.9305117,0.23130028,"(エポック200,試行回数1)"
-2.9950292,0.075927906,"(エポック200,試行回数1)"
-3.0524442,-0.08313597,"(エポック200,試行回数1)"
-3.1023974,-0.24549855,"(エポック200,試行回数1)"
-3.1445363,-0.41077936,"(エポック200,試行回数1)"
-3.1785517,-0.5786029,"(エポック200,試行回数1)"
-3.2041664,-0.74859375,"(エポック200,試行回数1)"
-3.22113,-0.92036974,"(エポック200,試行回数1)"
-3.2292275,-1.093536,"(エポック200,試行回数1)"
-3.2282705,-1.2676786,"(エポック200,試行回数1)"
-3.2181067,-1.4423612,"(エポック200,試行回数1)"
-3.19857,-1.6171256,"(エポック200,試行回数1)"
-3.1695197,-1.7914901,"(エポック200,試行回数1)"
-3.1308105,-1.9649642,"(エポック200,試行回数1)"
-3.0822866,-2.137039,"(エポック200,試行回数1)"
-3.023792,-2.3072245,"(エポック200,試行回数1)"
-2.9551783,-2.475066,"(エポック200,試行回数1)"
-2.876316,-2.6401567,"(エポック200,試行回数1)"
-2.7871106,-2.802136,"(エポック200,試行回数1)"
-2.687526,-2.9607017,"(エポック200,試行回数1)"
-2.577588,-3.1155708,"(エポック200,試行回数1)"
-2.45739,-3.266499,"(エポック200,試行回数1)"
-2.3270874,-3.413194,"(エポック200,試行回数1)"
-2.186871,-3.5553377,"(エポック200,試行回数1)"
-2.036986,-3.6925492,"(エポック200,試行回数1)"
-1.877682,-3.8244047,"(エポック200,試行回数1)"
-1.7092237,-3.9504125,"(エポック200,試行回数1)"
-1.5318894,-4.0700474,"(エポック200,試行回数1)"
-1.3459598,-4.1827326,"(エポック200,試行回数1)"
-1.151746,-4.2878504,"(エポック200,試行回数1)"
-0.9495776,-4.3847837,"(エポック200,試行回数1)"
-0.7398481,-4.472837,"(エポック200,試行回数1)"
-0.52300787,-4.5513506,"(エポック200,試行回数1)"
-0.29959813,-4.619659,"(エポック200,試行回数1)"
-0.07023813,-4.677066,"(エポック200,試行回数1)"
0.1643634,-4.72289,"(エポック200,試行回数1)"
0.40344056,-4.7564325,"(エポック200,試行回数1)"
0.64616126,-4.7770123,"(エポック200,試行回数1)"
0.89166397,-4.784032,"(エポック200,試行回数1)"
1.1390405,-4.77701,"(エポック200,試行回数1)"
1.387368,-4.7557244,"(エポック200,試行回数1)"
1.6357183,-4.720265,"(エポック200,試行回数1)"
1.8831916,-4.671046,"(エポック200,試行回数1)"
2.1289248,-4.6087365,"(エポック200,試行回数1)"
2.372134,-4.5341744,"(エポック200,試行回数1)"
2.6121042,-4.44827,"(エポック200,試行回数1)"
2.8482041,-4.35195,"(エポック200,試行回数1)"
3.0798728,-4.2461014,"(エポック200,試行回数1)"
3.3066037,-4.1315475,"(エポック200,試行回数1)"
3.527914,-4.009056,"(エポック200,試行回数1)"
3.7433343,-3.8793104,"(エポック200,試行回数1)"
3.952443,-3.7429245,"(エポック200,試行回数1)"
4.1549006,-3.6004364,"(エポック200,試行回数1)"
4.3504825,-3.4523225,"(エポック200,試行回数1)"
4.5391097,-3.2990096,"(エポック200,試行回数1)"
4.7208114,-3.1408913,"(エポック200,試行回数1)"
4.8956957,-2.97835,"(エポック200,試行回数1)"
5.0639167,-2.811735,"(エポック200,試行回数1)"
5.225619,-2.6413987,"(エポック200,試行回数1)"
5.380925,-2.467665,"(エポック200,試行回数1)"
5.529943,-2.2908485,"(エポック200,試行回数1)"
5.672734,-2.111222,"(エポック200,試行回数1)"
5.8093324,-1.9290498,"(エポック200,試行回数1)"
5.9397635,-1.7445712,"(エポック200,試行回数1)"
6.064043,-1.5580064,"(エポック200,試行回数1)"
6.1821737,-1.3695694,"(エポック200,試行回数1)"
6.2941513,-1.1794453,"(エポック200,試行回数1)"
6.4000096,-0.9878189,"(エポック200,試行回数1)"
6.4997683,-0.7948617,"(エポック200,試行回数1)"
6.5934687,-0.6007374,"(エポック200,試行回数1)"
6.681169,-0.40559706,"(エポック200,試行回数1)"
6.7629504,-0.20958228,"(エポック200,試行回数1)"
6.8388886,-0.012821687,"(エポック200,試行回数1)"
6.9090996,0.18457702,"(エポック200,試行回数1)"
6.9737124,0.382539,"(エポック200,試行回数1)"
7.0328693,0.58102095,"(エポック200,試行回数1)"
7.0867367,0.78000647,"(エポック200,試行回数1)"
7.135463,0.979507,"(エポック200,試行回数1)"
7.17922,1.1795614,"(エポック200,試行回数1)"
7.2181654,1.3802094,"(エポック200,試行回数1)"
7.2524476,1.5814866,"(エポック200,試行回数1)"
7.2822113,1.7834274,"(エポック200,試行回数1)"
7.307579,1.9860471,"(エポック200,試行回数1)"
7.3286633,2.1893456,"(エポック200,試行回数1)"
7.3455606,2.3932984,"(エポック200,試行回数1)"
7.358353,2.597859,"(エポック200,試行回数1)"
7.3671026,2.8029692,"(エポック200,試行回数1)"
7.3718543,3.0085435,"(エポック200,試行回数1)"
7.3726354,3.214479,"(エポック200,試行回数1)"
7.369445,3.420668,"(エポック200,試行回数1)"
7.3622513,3.6269948,"(エポック200,試行回数1)"
7.3509965,3.8333352,"(エポック200,試行回数1)"
7.335591,4.0395536,"(エポック200,試行回数1)"
7.315914,4.2455173,"(エポック200,試行回数1)"
7.2918305,4.451095,"(エポック200,試行回数1)"
7.2631645,4.6561513,"(エポック200,試行回数1)"
7.2297378,4.8605413,"(エポック200,試行回数1)"
7.191362,5.0641193,"(エポック200,試行回数1)"
7.1478434,5.2667284,"(エポック200,試行回数1)"
7.098978,5.468205,"(エポック200,試行回数1)"
7.044618,5.668361,"(エポック200,試行回数1)"
6.984624,5.866979,"(エポック200,試行回数1)"
6.91892,6.0638638,"(エポック200,試行回数1)"
6.8474956,6.258824,"(エポック200,試行回数1)"
6.7703958,6.4516954,"(エポック200,試行回数1)"
6.6877112,6.642337,"(エポック200,試行回数1)"
6.599621,6.830674,"(エポック200,試行回数1)"
6.5063195,7.016691,"(エポック200,試行回数1)"
6.40803,7.200401,"(エポック200,試行回数1)"
6.3049955,7.381832,"(エポック200,試行回数1)"
6.197485,7.5610495,"(エポック200,試行回数1)"
6.085753,7.738066,"(エポック200,試行回数1)"
5.970042,7.9129124,"(エポック200,試行回数1)"
5.8505526,8.085599,"(エポック200,試行回数1)"
5.7274504,8.256111,"(エポック200,試行回数1)"
5.6008587,8.424437,"(エポック200,試行回数1)"
5.4708433,8.590547,"(エポック200,試行回数1)"
5.3374343,8.754421,"(エポック200,試行回数1)"
5.2006326,8.916054,"(エポック200,試行回数1)"
5.060431,9.075445,"(エポック200,試行回数1)"
4.916806,9.232616,"(エポック200,試行回数1)"
4.769724,9.387606,"(エポック200,試行回数1)"
4.6191444,9.5404415,"(エポック200,試行回数1)"
4.4650626,9.691188,"(エポック200,試行回数1)"
4.3074775,9.8398905,"(エポック200,試行回数1)"
4.146403,9.98659,"(エポック200,試行回数1)"
3.981879,10.131298,"(エポック200,試行回数1)"
3.8139515,10.274016,"(エポック200,試行回数1)"
3.6426866,10.414783,"(エポック200,試行回数1)"
3.4681373,10.553476,"(エポック200,試行回数1)"
3.2903655,10.690054,"(エポック200,試行回数1)"
3.109413,10.824425,"(エポック200,試行回数1)"
2.9253159,10.956478,"(エポック200,試行回数1)"
2.738099,11.086085,"(エポック200,試行回数1)"
2.5477993,11.213101,"(エポック200,試行回数1)"
2.354461,11.337381,"(エポック200,試行回数1)"
2.1581676,11.458791,"(エポック200,試行回数1)"
1.9590461,11.577225,"(エポック200,試行回数1)"
1.7572839,11.692601,"(エポック200,試行回数1)"
-0.16342117,-0.40995103,"(エポック300,試行回数1)"
-0.10419507,-0.39261755,"(エポック300,試行回数1)"
-0.044597022,-0.36997807,"(エポック300,試行回数1)"
0.0148808,-0.34196988,"(エポック300,試行回数1)"
0.07372371,-0.30858034,"(エポック300,試行回数1)"
0.13140246,-0.26985615,"(エポック300,試行回数1)"
0.18738158,-0.22589608,"(エポック300,試行回数1)"
0.2411286,-0.1768544,"(エポック300,試行回数1)"
0.2921222,-0.122937255,"(エポック300,試行回数1)"
0.33986238,-0.064399876,"(エポック300,試行回数1)"
0.38387594,-0.0015409554,"(エポック300,試行回数1)"
0.4237246,0.06530202,"(エポック300,試行回数1)"
0.45901012,0.13575932,"(エポック300,試行回数1)"
0.4893765,0.20943472,"(エポック300,試行回数1)"
0.5145126,0.28591186,"(エポック300,試行回数1)"
0.53415453,0.36475933,"(エポック300,試行回数1)"
0.54808396,0.4455352,"(エポック300,試行回数1)"
0.5561268,0.5277937,"(エポック300,試行回数1)"
0.55815303,0.6110869,"(エポック300,試行回数1)"
0.55407506,0.6949694,"(エポック300,試行回数1)"
0.5438449,0.7789991,"(エポック300,試行回数1)"
0.5274537,0.86274475,"(エポック300,試行回数1)"
0.5049304,0.9457832,"(エポック300,試行回数1)"
0.47633696,1.0277033,"(エポック300,試行回数1)"
0.44176912,1.1081064,"(エポック300,試行回数1)"
0.40135553,1.1866153,"(エポック300,試行回数1)"
0.35524717,1.2628561,"(エポック300,試行回数1)"
0.30362442,1.33647,"(エポック300,試行回数1)"
0.2466845,1.4071207,"(エポック300,試行回数1)"
0.18464299,1.4744741,"(エポック300,試行回数1)"
0.11772797,1.5382073,"(エポック300,試行回数1)"
0.046176247,1.5980085,"(エポック300,試行回数1)"
-0.029770114,1.6535615,"(エポック300,試行回数1)"
-0.10986613,1.7045588,"(エポック300,試行回数1)"
-0.19386593,1.7506903,"(エポック300,試行回数1)"
-0.28152394,1.7916431,"(エポック300,試行回数1)"
-0.37259638,1.8271075,"(エポック300,試行回数1)"
-0.4668375,1.85676,"(エポック300,試行回数1)"
-0.5640025,1.8802834,"(エポック300,試行回数1)"
-0.6638422,1.8973509,"(エポック300,試行回数1)"
-0.76610374,1.9076405,"(エポック300,試行回数1)"
-0.8705285,1.9108365,"(エポック300,試行回数1)"
-0.9768472,1.9066273,"(エポック300,試行回数1)"
-1.0847824,1.8947198,"(エポック300,試行回数1)"
-1.1940444,1.8748517,"(エポック300,試行回数1)"
-1.3043321,1.8467798,"(エポック300,試行回数1)"
-1.4153314,1.8103112,"(エポック300,試行回数1)"
-1.5267144,1.7652975,"(エポック300,試行回数1)"
-1.6381406,1.7116535,"(エポック300,試行回数1)"
-1.7492534,1.6493535,"(エポック300,試行回数1)"
-1.8596828,1.5784376,"(エポック300,試行回数1)"
-1.9690368,1.4990208,"(エポック300,試行回数1)"
-2.0769107,1.411284,"(エポック300,試行回数1)"
-2.1828773,1.3154694,"(エポック300,試行回数1)"
-2.2864938,1.2118785,"(エポック300,試行回数1)"
-2.3872924,1.1008568,"(エポック300,試行回数1)"
-2.484809,0.9827896,"(エポック300,試行回数1)"
-2.5785592,0.85808206,"(エポック300,試行回数1)"
-2.6680732,0.7271536,"(エポック300,試行回数1)"
-2.7528596,0.590425,"(エポック300,試行回数1)"
-2.8324463,0.4483117,"(エポック300,試行回数1)"
-2.9063797,0.30121884,"(エポック300,試行回数1)"
-2.9742122,0.14953816,"(エポック300,試行回数1)"
-3.0355237,-0.006351497,"(エポック300,試行回数1)"
-3.0899014,-0.16608208,"(エポック300,試行回数1)"
-3.136966,-0.32929274,"(エポック300,試行回数1)"
-3.1763618,-0.49562567,"(エポック300,試行回数1)"
-3.2077558,-0.6647203,"(エポック300,試行回数1)"
-3.2308447,-0.8362101,"(エポック300,試行回数1)"
-3.2453558,-1.0097139,"(エポック300,試行回数1)"
-3.251043,-1.1848357,"(エポック300,試行回数1)"
-3.247683,-1.3611562,"(エポック300,試行回数1)"
-3.2350714,-1.5382311,"(エポック300,試行回数1)"
-3.2130194,-1.7155911,"(エポック300,試行回数1)"
-3.181339,-1.8927401,"(エポック300,試行回数1)"
-3.1398373,-2.0691638,"(エポック300,試行回数1)"
-3.088326,-2.2443388,"(エポック300,試行回数1)"
-3.0266066,-2.4177513,"(エポック300,試行回数1)"
-2.9544973,-2.5889199,"(エポック300,試行回数1)"
-2.8718402,-2.757395,"(エポック300,試行回数1)"
-2.7785263,-2.9228072,"(エポック300,試行回数1)"
-2.6745157,-3.0848181,"(エポック300,試行回数1)"
-2.5598404,-3.2431455,"(エポック300,試行回数1)"
-2.4346256,-3.3974812,"(エポック300,試行回数1)"
-2.2990487,-3.5475209,"(エポック300,試行回数1)"
-2.153339,-3.6929011,"(エポック300,試行回数1)"
-1.9977549,-3.8332195,"(エポック300,試行回数1)"
-1.8325624,-3.9680014,"(エポック300,試行回数1)"
-1.658029,-4.09671,"(エポック300,試行回数1)"
-1.4744221,-4.2187567,"(エポック300,試行回数1)"
-1.2820243,-4.3334804,"(エポック300,試行回数1)"
-1.081142,-4.4401712,"(エポック300,試行回数1)"
-0.872132,-4.5380445,"(エポック300,試行回数1)"
-0.65540576,-4.6262946,"(エポック300,試行回数1)"
-0.4314731,-4.704071,"(エポック300,試行回数1)"
-0.20092791,-4.770506,"(エポック300,試行回数1)"
0.035519615,-4.824757,"(エポック300,試行回数1)"
0.2770812,-4.8659964,"(エポック300,試行回数1)"
0.5228841,-4.8934317,"(エポック300,試行回数1)"
0.7720155,-4.9063716,"(エポック300,試行回数1)"
1.0235288,-4.904218,"(エポック300,試行回数1)"
1.2764868,-4.886721,"(エポック300,試行回数1)"
1.5299581,-4.853888,"(エポック300,試行回数1)"
1.7830427,-4.8061037,"(エポック300,試行回数1)"
2.0348716,-4.74407,"(エポック300,試行回数1)"
2.2846262,-4.668716,"(エポック300,試行回数1)"
2.5315385,-4.5810833,"(エポック300,試行回数1)"
2.7749286,-4.4822617,"(エポック300,試行回数1)"
3.0141716,-4.3733025,"(エポック300,試行回数1)"
3.2486837,-4.255179,"(エポック300,試行回数1)"
3.4778874,-4.1287646,"(エポック300,試行回数1)"
3.7011943,-3.9948535,"(エポック300,試行回数1)"
3.9180465,-3.854134,"(エポック300,試行回数1)"
4.127958,-3.7072108,"(エポック300,試行回数1)"
4.3305902,-3.5546157,"(エポック300,試行回数1)"
4.525778,-3.396825,"(エポック300,試行回数1)"
4.7135234,-3.2342615,"(エポック300,試行回数1)"
4.893925,-3.0673404,"(エポック300,試行回数1)"
5.067167,-2.8964407,"(エポック300,試行回数1)"
5.2334228,-2.721931,"(エポック300,試行回数1)"
5.39286,-2.5441542,"(エポック300,試行回数1)"
5.545633,-2.3634284,"(エポック300,試行回数1)"
5.6918397,-2.1800447,"(エポック300,試行回数1)"
5.831556,-1.9942707,"(エポック300,試行回数1)"
5.964839,-1.8063507,"(エポック300,試行回数1)"
6.0917296,-1.6165067,"(エポック300,試行回数1)"
6.212238,-1.4249543,"(エポック300,試行回数1)"
6.3264117,-1.2318877,"(エポック300,試行回数1)"
6.434288,-1.0374937,"(エポック300,試行回数1)"
6.5359197,-0.84195334,"(エポック300,試行回数1)"
6.6313763,-0.64543855,"(エポック300,試行回数1)"
6.7207384,-0.4481062,"(エポック300,試行回数1)"
6.8041105,-0.25009522,"(エポック300,試行回数1)"
6.8816004,-0.051517338,"(エポック300,試行回数1)"
6.953326,0.14755505,"(エポック300,試行回数1)"
7.0194283,0.34709385,"(エポック300,試行回数1)"
7.080022,0.54711235,"(エポック300,試行回数1)"
7.135252,0.74765974,"(エポック300,試行回数1)"
7.1852584,0.94879836,"(エポック300,試行回数1)"
7.2301884,1.1506022,"(エポック300,試行回数1)"
7.2701836,1.3531467,"(エポック300,試行回数1)"
7.3053946,1.5564903,"(エポック300,試行回数1)"
7.335959,1.7606704,"(エポック300,試行回数1)"
7.3620048,1.965708,"(エポック300,試行回数1)"
7.3836656,2.1716065,"(エポック300,試行回数1)"
7.4010224,2.3783374,"(エポック300,試行回数1)"
7.4141746,2.585853,"(エポック300,試行回数1)"
7.4231973,2.794094,"(エポック300,試行回数1)"
7.42814,3.0029786,"(エポック300,試行回数1)"
7.4290347,3.2124102,"(エポック300,試行回数1)"
7.4258885,3.4222832,"(エポック300,試行回数1)"
7.418692,3.632473,"(エポック300,試行回数1)"
7.4073877,3.8428595,"(エポック300,試行回数1)"
7.3918915,4.053308,"(エポック300,試行回数1)"
7.3720875,4.2636867,"(エポック300,試行回数1)"
7.347831,4.473865,"(エポック300,試行回数1)"
7.3189425,4.6837025,"(エポック300,試行回数1)"
7.2852106,4.893057,"(エポック300,試行回数1)"
7.2464356,5.1017895,"(エポック300,試行回数1)"
7.2023644,5.309744,"(エポック300,試行回数1)"
7.1527734,5.516746,"(エポック300,試行回数1)"
7.0974827,5.722597,"(エポック300,試行回数1)"
7.036357,5.927083,"(エポック300,試行回数1)"
6.9693036,6.129967,"(エポック300,試行回数1)"
6.896287,6.3309784,"(エポック300,試行回数1)"
6.817362,6.5299096,"(エポック300,試行回数1)"
6.7326474,6.7265673,"(エポック300,試行回数1)"
6.642296,6.920835,"(エポック300,試行回数1)"
6.546502,7.1126537,"(エポック300,試行回数1)"
6.4454803,7.3020525,"(エポック300,試行回数1)"
6.3394866,7.4890585,"(エポック300,試行回数1)"
6.2287836,7.673757,"(エポック300,試行回数1)"
6.1136265,7.856202,"(エポック300,試行回数1)"
5.9942393,8.036439,"(エポック300,試行回数1)"
5.870818,8.214492,"(エポック300,試行回数1)"
5.743533,8.390356,"(エポック300,試行回数1)"
5.612507,8.564034,"(エポック300,試行回数1)"
5.4777923,8.735484,"(エポック300,試行回数1)"
5.3394256,8.904682,"(エポック300,試行回数1)"
5.197421,9.071609,"(エポック300,試行回数1)"
5.051779,9.236245,"(エポック300,試行回数1)"
4.902473,9.398605,"(エポック300,試行回数1)"
4.7495017,9.558678,"(エポック300,試行回数1)"
4.5928783,9.716494,"(エポック300,試行回数1)"
4.4326324,9.872073,"(エポック300,試行回数1)"
4.268823,10.025442,"(エポック300,試行回数1)"
4.1015306,10.176619,"(エポック300,試行回数1)"
3.9308674,10.325589,"(エポック300,試行回数1)"
3.7569518,10.472381,"(エポック300,試行回数1)"
3.5799203,10.6169615,"(エポック300,試行回数1)"
3.3998964,10.759292,"(エポック300,試行回数1)"
3.2169995,10.899302,"(エポック300,試行回数1)"
3.0313268,11.0369005,"(エポック300,試行回数1)"
2.842962,11.172012,"(エポック300,試行回数1)"
2.651969,11.304458,"(エポック300,試行回数1)"
2.4583874,11.434097,"(エポック300,試行回数1)"
2.2622454,11.56078,"(エポック300,試行回数1)"
2.0635731,11.684363,"(エポック300,試行回数1)"
1.8623997,11.8047,"(エポック300,試行回数1)"
1.6587932,11.921707,"(エポック300,試行回数1)"
-0.16342117,-0.40995103,"(エポック400,試行回数1)"
-0.10485666,-0.3899487,"(エポック400,試行回数1)"
-0.0461644,-0.36466703,"(エポック400,試行回数1)"
0.012163446,-0.33407754,"(エポック400,試行回数1)"
0.06961651,-0.2982055,"(エポック400,試行回数1)"
0.12567428,-0.25713116,"(エポック400,試行回数1)"
0.179814,-0.2109899,"(エポック400,試行回数1)"
0.23152034,-0.159971,"(エポック400,試行回数1)"
0.28029332,-0.10431341,"(エポック400,試行回数1)"
0.32565722,-0.044302564,"(エポック400,試行回数1)"
0.3671662,0.019735526,"(エポック400,試行回数1)"
0.4044126,0.087440945,"(エポック400,試行回数1)"
0.43702933,0.15842497,"(エポック400,試行回数1)"
0.4646935,0.23227742,"(エポック400,試行回数1)"
0.48712793,0.30857238,"(エポック400,試行回数1)"
0.5041024,0.3868731,"(エポック400,試行回数1)"
0.51543134,0.46673822,"(エポック400,試行回数1)"
0.520974,0.54772496,"(エポック400,試行回数1)"
0.5206321,0.62939346,"(エポック400,試行回数1)"
0.51434904,0.7113103,"(エポック400,試行回数1)"
0.50210506,0.7930498,"(エポック400,試行回数1)"
0.48391882,0.87419707,"(エポック400,試行回数1)"
0.45984143,0.95435596,"(エポック400,試行回数1)"
0.4299593,1.0331357,"(エポック400,試行回数1)"
0.39438355,1.1101645,"(エポック400,試行回数1)"
0.35325792,1.1850903,"(エポック400,試行回数1)"
0.30674648,1.2575696,"(エポック400,試行回数1)"
0.25503436,1.3272794,"(エポック400,試行回数1)"
0.19832423,1.3939103,"(エポック400,試行回数1)"
0.13683152,1.4571581,"(エポック400,試行回数1)"
0.07078193,1.5167335,"(エポック400,試行回数1)"
0.00040728098,1.5723529,"(エポック400,試行回数1)"
-0.07405669,1.6237358,"(エポック400,試行回数1)"
-0.15237269,1.670606,"(エポック400,試行回数1)"
-0.23430373,1.7126887,"(エポック400,試行回数1)"
-0.31961378,1.7497044,"(エポック400,試行回数1)"
-0.40806812,1.7813731,"(エポック400,試行回数1)"
-0.4994328,1.8074096,"(エポック400,試行回数1)"
-0.5934748,1.8275281,"(エポック400,試行回数1)"
-0.6899588,1.8414376,"(エポック400,試行回数1)"
-0.78864706,1.848849,"(エポック400,試行回数1)"
-0.88929886,1.8494716,"(エポック400,試行回数1)"
-0.99166614,1.843023,"(エポック400,試行回数1)"
-1.0954994,1.8292309,"(エポック400,試行回数1)"
-1.2005308,1.8078403,"(エポック400,試行回数1)"
-1.306491,1.778619,"(エポック400,試行回数1)"
-1.4130975,1.7413735,"(エポック400,試行回数1)"
-1.520055,1.695934,"(エポック400,試行回数1)"
-1.6270553,1.6421891,"(エポック400,試行回数1)"
-1.7337724,1.5800827,"(エポック400,試行回数1)"
-1.8398639,1.5096083,"(エポック400,試行回数1)"
-1.9449645,1.4308286,"(エポック400,試行回数1)"
-2.0486867,1.3438735,"(エポック400,試行回数1)"
-2.1506176,1.248934,"(エポック400,試行回数1)"
-2.2503288,1.1462606,"(エポック400,試行回数1)"
-2.347355,1.0361568,"(エポック400,試行回数1)"
-2.4412267,0.91896594,"(エポック400,試行回数1)"
-2.5314362,0.79506475,"(エポック400,試行回数1)"
-2.6175056,0.66484344,"(エポック400,試行回数1)"
-2.698934,0.5287002,"(エポック400,試行回数1)"
-2.7752173,0.38703778,"(エポック400,試行回数1)"
-2.84587,0.24024913,"(エポック400,試行回数1)"
-2.9104197,0.08871988,"(エポック400,試行回数1)"
-2.968408,-0.06717125,"(エポック400,試行回数1)"
-3.0194018,-0.22705022,"(エポック400,試行回数1)"
-3.0629869,-0.39054418,"(エポック400,試行回数1)"
-3.0987785,-0.5572763,"(エポック400,試行回数1)"
-3.126417,-0.726863,"(エポック400,試行回数1)"
-3.1455667,-0.8989062,"(エポック400,試行回数1)"
-3.1559289,-1.0729914,"(エポック400,試行回数1)"
-3.1572168,-1.248682,"(エポック400,試行回数1)"
-3.149176,-1.4255165,"(エポック400,試行回数1)"
-3.1315649,-1.603003,"(エポック400,試行回数1)"
-3.1041381,-1.7806243,"(エポック400,試行回数1)"
-3.0666862,-1.9578298,"(エポック400,試行回数1)"
-3.0189753,-2.1340575,"(エポック400,試行回数1)"
-2.9607859,-2.3087347,"(エポック400,試行回数1)"
-2.8918953,-2.4813123,"(エポック400,試行回数1)"
-2.8121157,-2.6512742,"(エポック400,試行回数1)"
-2.721311,-2.8181646,"(エポック400,試行回数1)"
-2.6194012,-2.9815793,"(エポック400,試行回数1)"
-2.5063965,-3.141166,"(エポック400,試行回数1)"
-2.3824003,-3.2965884,"(エポック400,試行回数1)"
-2.2475805,-3.4475007,"(エポック400,試行回数1)"
-2.1021745,-3.5935245,"(エポック400,試行回数1)"
-1.9464511,-3.7342076,"(エポック400,試行回数1)"
-1.7806957,-3.8690536,"(エポック400,試行回数1)"
-1.6052003,-3.997476,"(エポック400,試行回数1)"
-1.4202609,-4.118806,"(エポック400,試行回数1)"
-1.2261883,-4.2323112,"(エポック400,試行回数1)"
-1.0233268,-4.337164,"(エポック400,試行回数1)"
-0.8120703,-4.4324665,"(エポック400,試行回数1)"
-0.5928927,-4.5172553,"(エポック400,試行回数1)"
-0.3663554,-4.590525,"(エポック400,試行回数1)"
-0.13313654,-4.6512494,"(エポック400,試行回数1)"
0.10598711,-4.698429,"(エポック400,試行回数1)"
0.35013175,-4.731111,"(エポック400,試行回数1)"
0.5983538,-4.748472,"(エポック400,試行回数1)"
0.84965986,-4.7498097,"(エポック400,試行回数1)"
1.1030622,-4.7347155,"(エポック400,試行回数1)"
1.3575809,-4.7030797,"(エポック400,試行回数1)"
1.6122686,-4.655216,"(エポック400,試行回数1)"
1.8661963,-4.591763,"(エポック400,試行回数1)"
2.118479,-4.5136576,"(エポック400,試行回数1)"
2.3682675,-4.4220076,"(エポック400,試行回数1)"
2.6147797,-4.3179917,"(エポック400,試行回数1)"
2.8572755,-4.2028027,"(エポック400,試行回数1)"
3.0950348,-4.0775285,"(エポック400,試行回数1)"
3.3273206,-3.9431934,"(エポック400,試行回数1)"
3.553397,-3.800705,"(エポック400,試行回数1)"
3.7725244,-3.6509268,"(エポック400,試行回数1)"
3.9840913,-3.4946144,"(エポック400,試行回数1)"
4.1876807,-3.3324568,"(エポック400,試行回数1)"
4.3830895,-3.1650755,"(エポック400,試行回数1)"
4.570342,-2.9930003,"(エポック400,試行回数1)"
4.749568,-2.8167305,"(エポック400,試行回数1)"
4.920962,-2.636717,"(エポック400,試行回数1)"
5.084728,-2.4533746,"(エポック400,試行回数1)"
5.241046,-2.2670803,"(エポック400,試行回数1)"
5.3900557,-2.0781844,"(エポック400,試行回数1)"
5.5318713,-1.8870016,"(エポック400,試行回数1)"
5.6665626,-1.693805,"(エポック400,試行回数1)"
5.7942147,-1.4988728,"(エポック400,試行回数1)"
5.914884,-1.3024397,"(エポック400,試行回数1)"
6.02865,-1.1047264,"(エポック400,試行回数1)"
6.135602,-0.9059363,"(エポック400,試行回数1)"
6.2358284,-0.7062652,"(エポック400,試行回数1)"
6.3294683,-0.5058867,"(エポック400,試行回数1)"
6.41665,-0.30494407,"(エポック400,試行回数1)"
6.497514,-0.10354069,"(エポック400,試行回数1)"
6.5722194,0.09826665,"(エポック400,試行回数1)"
6.6408978,0.30047306,"(エポック400,試行回数1)"
6.703703,0.5031275,"(エポック400,試行回数1)"
6.7607822,0.7063014,"(エポック400,試行回数1)"
6.812287,0.91008496,"(エポック400,試行回数1)"
6.8583665,1.1145766,"(エポック400,試行回数1)"
6.899173,1.3198608,"(エポック400,試行回数1)"
6.9348516,1.5259985,"(エポック400,試行回数1)"
6.96555,1.7330252,"(エポック400,試行回数1)"
6.9913898,1.9409616,"(エポック400,試行回数1)"
7.0124893,2.1497974,"(エポック400,試行回数1)"
7.028947,2.3594968,"(エポック400,試行回数1)"
7.040839,2.5700037,"(エポック400,試行回数1)"
7.04823,2.781247,"(エポック400,試行回数1)"
7.0511465,2.9931285,"(エポック400,試行回数1)"
7.0496016,3.2055354,"(エポック400,試行回数1)"
7.0435743,3.4183428,"(エポック400,試行回数1)"
7.03301,3.6314213,"(エポック400,試行回数1)"
7.0178175,3.8446305,"(エポック400,試行回数1)"
6.9978724,4.057821,"(エポック400,試行回数1)"
6.973023,4.270836,"(エポック400,試行回数1)"
6.943061,4.4835315,"(エポック400,試行回数1)"
6.907764,4.695744,"(エポック400,試行回数1)"
6.866912,4.9072933,"(エポック400,試行回数1)"
6.820281,5.1179886,"(エポック400,試行回数1)"
6.7676625,5.327624,"(エポック400,試行回数1)"
6.7088766,5.5359545,"(エポック400,試行回数1)"
6.6438274,5.742695,"(エポック400,試行回数1)"
6.5724797,5.9475636,"(エポック400,試行回数1)"
6.4948664,6.150288,"(エポック400,試行回数1)"
6.4111056,6.350606,"(エポック400,試行回数1)"
6.321323,6.548328,"(エポック400,試行回数1)"
6.2257133,6.743369,"(エポック400,試行回数1)"
6.124485,6.935707,"(エポック400,試行回数1)"
6.017873,7.12537,"(エポック400,試行回数1)"
5.90611,7.312446,"(エポック400,試行回数1)"
5.789465,7.4970174,"(エポック400,試行回数1)"
5.6681623,7.6791534,"(エポック400,試行回数1)"
5.5424023,7.85889,"(エポック400,試行回数1)"
5.41234,8.036249,"(エポック400,試行回数1)"
5.278117,8.211234,"(エポック400,試行回数1)"
5.1397753,8.383811,"(エポック400,試行回数1)"
4.997367,8.5539465,"(エポック400,試行回数1)"
4.8509226,8.721616,"(エポック400,試行回数1)"
4.7004666,8.886801,"(エポック400,試行回数1)"
4.5460315,9.049474,"(エポック400,試行回数1)"
4.38766,9.209636,"(エポック400,試行回数1)"
4.2254086,9.367265,"(エポック400,試行回数1)"
4.0593815,9.52237,"(エポック400,試行回数1)"
3.8896954,9.674941,"(エポック400,試行回数1)"
3.7164981,9.824962,"(エポック400,試行回数1)"
3.5399575,9.97242,"(エポック400,試行回数1)"
3.360234,10.117282,"(エポック400,試行回数1)"
3.1775136,10.259489,"(エポック400,試行回数1)"
2.9919577,10.3989725,"(エポック400,試行回数1)"
2.8037128,10.535634,"(エポック400,試行回数1)"
2.612904,10.669368,"(エポック400,試行回数1)"
2.4196372,10.800009,"(エポック400,試行回数1)"
2.2240088,10.927458,"(エポック400,試行回数1)"
2.0260725,11.051564,"(エポック400,試行回数1)"
1.8258812,11.172209,"(エポック400,試行回数1)"
1.6235029,11.289278,"(エポック400,試行回数1)"
1.4189942,11.402677,"(エポック400,試行回数1)"
1.212476,11.512337,"(エポック400,試行回数1)"
1.0040975,11.618194,"(エポック400,試行回数1)"
0.79406863,11.72019,"(エポック400,試行回数1)"
0.58263314,11.818268,"(エポック400,試行回数1)"
0.37006295,11.912403,"(エポック400,試行回数1)"
0.15661229,12.002577,"(エポック400,試行回数1)"
-0.057502255,12.088796,"(エポック400,試行回数1)"
-0.16342117,-0.40995103,"(エポック500,試行回数1)"
-0.10503799,-0.38828164,"(エポック500,試行回数1)"
-0.046610523,-0.36137778,"(エポック500,試行回数1)"
0.011376777,-0.32922548,"(エポック500,試行回数1)"
0.06842155,-0.29186362,"(エポック500,試行回数1)"
0.12401265,-0.2493858,"(エポック500,試行回数1)"
0.17763731,-0.20194083,"(エポック500,試行回数1)"
0.22879115,-0.14972912,"(エポック500,試行回数1)"
0.2769852,-0.093000665,"(エポック500,試行回数1)"
0.32175475,-0.032048993,"(エポック500,試行回数1)"
0.3626666,0.032793436,"(エポック500,試行回数1)"
0.39932233,0.101161405,"(エポック500,試行回数1)"
0.43136844,0.17266417,"(エポック500,試行回数1)"
0.45848995,0.2468908,"(エポック500,試行回数1)"
0.4804209,0.32341722,"(エポック500,試行回数1)"
0.49693978,0.401811,"(エポック500,試行回数1)"
0.5078702,0.48163643,"(エポック500,試行回数1)"
0.5130794,0.5624585,"(エポック500,試行回数1)"
0.51247644,0.6438471,"(エポック500,試行回数1)"
0.50601035,0.7253802,"(エポック500,試行回数1)"
0.4936682,0.80664474,"(エポック500,試行回数1)"
0.47547287,0.8872409,"(エポック500,試行回数1)"
0.4514789,0.966783,"(エポック500,試行回数1)"
0.42177522,1.0449001,"(エポック500,試行回数1)"
0.38647723,1.1212397,"(エポック500,試行回数1)"
0.3457264,1.1954627,"(エポック500,試行回数1)"
0.29968667,1.2672461,"(エポック500,試行回数1)"
0.24854234,1.3362858,"(エポック500,試行回数1)"
0.19249144,1.402289,"(エポック500,試行回数1)"
0.13174704,1.4649751,"(エポック500,試行回数1)"
0.0665292,1.5240743,"(エポック500,試行回数1)"
-0.0029362391,1.5793239,"(エポック500,試行回数1)"
-0.07641966,1.6304672,"(エポック500,試行回数1)"
-0.15369137,1.6772497,"(エポック500,試行回数1)"
-0.23452224,1.7194196,"(エポック500,試行回数1)"
-0.3186855,1.7567219,"(エポック500,試行回数1)"
-0.40595585,1.7889012,"(エポック500,試行回数1)"
-0.49611053,1.8156973,"(エポック500,試行回数1)"
-0.58892804,1.836851,"(エポック500,試行回数1)"
-0.684187,1.8520904,"(エポック500,試行回数1)"
-0.7816657,1.861148,"(エポック500,試行回数1)"
-0.8811383,1.8637468,"(エポック500,試行回数1)"
-0.9823789,1.8596244,"(エポック500,試行回数1)"
-1.0851538,1.848515,"(エポック500,試行回数1)"
-1.1892245,1.8301584,"(エポック500,試行回数1)"
-1.2943437,1.8043218,"(エポック500,試行回数1)"
-1.4002565,1.7707855,"(エポック500,試行回数1)"
-1.5066969,1.7293521,"(エポック500,試行回数1)"
-1.6133868,1.679876,"(エポック500,試行回数1)"
-1.7200325,1.6222422,"(エポック500,試行回数1)"
-1.8263241,1.5563921,"(エポック500,試行回数1)"
-1.9319292,1.4823176,"(エポック500,試行回数1)"
-2.0364897,1.4000764,"(エポック500,試行回数1)"
-2.1396258,1.3097873,"(エポック500,試行回数1)"
-2.2409275,1.2116308,"(エポック500,試行回数1)"
-2.339963,1.1058451,"(エポック500,試行回数1)"
-2.4362676,0.9927179,"(エポック500,試行回数1)"
-2.5293636,0.87257636,"(エポック500,試行回数1)"
-2.618761,0.74577075,"(エポック500,試行回数1)"
-2.703957,0.61267537,"(エポック500,試行回数1)"
-2.7844505,0.4736658,"(エポック500,試行回数1)"
-2.8597426,0.32911724,"(エポック500,試行回数1)"
-2.929348,0.17940441,"(エポック500,試行回数1)"
-2.9927945,0.024895623,"(エポック500,試行回数1)"
-3.049634,-0.13404419,"(エポック500,試行回数1)"
-3.0994327,-0.29704756,"(エポック500,試行回数1)"
-3.1417828,-0.4637445,"(エポック500,試行回数1)"
-3.1763082,-0.63375705,"(エポック500,試行回数1)"
-3.2026527,-0.80669683,"(エポック500,試行回数1)"
-3.2204907,-0.9821572,"(エポック500,試行回数1)"
-3.229517,-1.1597173,"(エポック500,試行回数1)"
-3.2294505,-1.3389302,"(エポック500,試行回数1)"
-3.2200353,-1.5193266,"(エポック500,試行回数1)"
-3.2010183,-1.7004014,"(エポック500,試行回数1)"
-3.172163,-1.8816239,"(エポック500,試行回数1)"
-3.1332302,-2.0624373,"(エポック500,試行回数1)"
-3.0839648,-2.242257,"(エポック500,試行回数1)"
-3.024148,-2.4205074,"(エポック500,試行回数1)"
-2.9535487,-2.596625,"(エポック500,試行回数1)"
-2.8719842,-2.7700853,"(エポック500,試行回数1)"
-2.7793074,-2.9404304,"(エポック500,試行回数1)"
-2.675469,-3.1072612,"(エポック500,試行回数1)"
-2.560512,-3.2702408,"(エポック500,試行回数1)"
-2.4345658,-3.4290383,"(エポック500,試行回数1)"
-2.2978408,-3.5833292,"(エポック500,試行回数1)"
-2.150602,-3.7327533,"(エポック500,試行回数1)"
-1.9931422,-3.8768833,"(エポック500,試行回数1)"
-1.8257588,-4.0152345,"(エポック500,試行回数1)"
-1.6487516,-4.1472425,"(エポック500,試行回数1)"
-1.4624125,-4.2722716,"(エポック500,試行回数1)"
-1.2670544,-4.389598,"(エポック500,試行回数1)"
-1.0630133,-4.4984093,"(エポック500,試行回数1)"
-0.8506858,-4.597817,"(エポック500,試行回数1)"
-0.6305275,-4.68685,"(エポック500,試行回数1)"
-0.40309313,-4.764491,"(エポック500,試行回数1)"
-0.16902189,-4.8296804,"(エポック500,試行回数1)"
0.07093503,-4.881396,"(エポック500,試行回数1)"
0.3159557,-4.918649,"(エポック500,試行回数1)"
0.56514794,-4.940563,"(エポック500,試行回数1)"
0.8176102,-4.9464164,"(エポック500,試行回数1)"
1.0724448,-4.9357038,"(エポック500,試行回数1)"
1.3287916,-4.9082546,"(エポック500,試行回数1)"
1.5858045,-4.864233,"(エポック500,試行回数1)"
1.8426698,-4.8041425,"(エポック500,試行回数1)"
2.098543,-4.7288437,"(エポック500,試行回数1)"
2.3526232,-4.639373,"(エポック500,試行回数1)"
2.6041172,-4.536923,"(エポック500,試行回数1)"
2.8522885,-4.42268,"(エポック500,試行回数1)"
3.0963871,-4.297796,"(エポック500,試行回数1)"
3.3356671,-4.1633554,"(エポック500,試行回数1)"
3.5693088,-4.020313,"(エポック500,試行回数1)"
3.7965043,-3.8695774,"(エポック500,試行回数1)"
4.0164814,-3.7119918,"(エポック500,試行回数1)"
4.228631,-3.5483053,"(エポック500,試行回数1)"
4.432586,-3.3792028,"(エポック500,試行回数1)"
4.6282244,-3.205299,"(エポック500,試行回数1)"
4.8156347,-3.0271025,"(エポック500,試行回数1)"
4.9950047,-2.8451002,"(エポック500,試行回数1)"
5.166544,-2.6597238,"(エポック500,試行回数1)"
5.3304534,-2.4713795,"(エポック500,試行回数1)"
5.486931,-2.280419,"(エポック500,試行回数1)"
5.636106,-2.0871685,"(エポック500,試行回数1)"
5.778093,-1.8919265,"(エポック500,試行回数1)"
5.912985,-1.6949638,"(エポック500,試行回数1)"
6.0408726,-1.4965236,"(エポック500,試行回数1)"
6.161832,-1.2968224,"(エポック500,試行回数1)"
6.275959,-1.0960805,"(エポック500,試行回数1)"
6.383366,-0.894488,"(エポック500,試行回数1)"
6.484178,-0.69222206,"(エポック500,試行回数1)"
6.578521,-0.4894372,"(エポック500,試行回数1)"
6.666528,-0.286248,"(エポック500,試行回数1)"
6.748337,-0.08271281,"(エポック500,試行回数1)"
6.8240957,0.12116532,"(エポック500,試行回数1)"
6.8939075,0.32543188,"(エポック500,試行回数1)"
6.957907,0.5301739,"(エポック500,試行回数1)"
7.016225,0.73549604,"(エポック500,試行回数1)"
7.069026,0.94150984,"(エポック500,試行回数1)"
7.1164165,1.1483158,"(エポック500,試行回数1)"
7.1585565,1.3559928,"(エポック500,試行回数1)"
7.1955934,1.5646019,"(エポック500,試行回数1)"
7.227679,1.7741854,"(エポック500,試行回数1)"
7.254933,1.9847457,"(エポック500,試行回数1)"
7.277483,2.1962705,"(エポック500,試行回数1)"
7.2954335,2.4087276,"(エポック500,試行回数1)"
7.308871,2.6220658,"(エポック500,試行回数1)"
7.3178606,2.8362093,"(エポック500,試行回数1)"
7.3224177,3.0510614,"(エポック500,試行回数1)"
7.322609,3.2665246,"(エポック500,試行回数1)"
7.318411,3.4824727,"(エポック500,試行回数1)"
7.3097825,3.6987739,"(エポック500,試行回数1)"
7.296646,3.9152956,"(エポック500,試行回数1)"
7.278888,4.1318974,"(エポック500,試行回数1)"
7.2563605,4.3484216,"(エポック500,試行回数1)"
7.2288795,4.564726,"(エポック500,試行回数1)"
7.196215,4.7806573,"(エポック500,試行回数1)"
7.158125,4.996058,"(エポック500,試行回数1)"
7.1143727,5.2107487,"(エポック500,試行回数1)"
7.0647297,5.424533,"(エポック500,試行回数1)"
7.0089746,5.637181,"(エポック500,試行回数1)"
6.9469676,5.848463,"(エポック500,試行回数1)"
6.878631,6.0580745,"(エポック500,試行回数1)"
6.803959,6.26572,"(エポック500,試行回数1)"
6.7230134,6.4711146,"(エポック500,試行回数1)"
6.6359167,6.6740103,"(エポック500,試行回数1)"
6.5428395,6.8742113,"(エポック500,試行回数1)"
6.443977,7.0716524,"(エポック500,試行回数1)"
6.3395486,7.26633,"(エポック500,試行回数1)"
6.2298098,7.45831,"(エポック500,試行回数1)"
6.115001,7.6476917,"(エポック500,試行回数1)"
5.995385,7.8345685,"(エポック500,試行回数1)"
5.871193,8.019013,"(エポック500,試行回数1)"
5.742617,8.201073,"(エポック500,試行回数1)"
5.609826,8.38075,"(エポック500,試行回数1)"
5.4729166,8.558036,"(エポック500,試行回数1)"
5.3319507,8.732894,"(エポック500,試行回数1)"
5.1869717,8.905272,"(エポック500,試行回数1)"
5.038012,9.075134,"(エポック500,試行回数1)"
4.8850985,9.242444,"(エポック500,試行回数1)"
4.728251,9.407187,"(エポック500,試行回数1)"
4.567523,9.569311,"(エポック500,試行回数1)"
4.4030027,9.728814,"(エポック500,試行回数1)"
4.2347956,9.885693,"(エポック500,試行回数1)"
4.0630317,10.03994,"(エポック500,試行回数1)"
3.887879,10.191544,"(エポック500,試行回数1)"
3.7094958,10.340498,"(エポック500,試行回数1)"
3.528098,10.486765,"(エポック500,試行回数1)"
3.3438644,10.630308,"(エポック500,試行回数1)"
3.1569796,10.771058,"(エポック500,試行回数1)"
2.9676025,10.908935,"(エポック500,試行回数1)"
2.7758796,11.043837,"(エポック500,試行回数1)"
2.5819442,11.17566,"(エポック500,試行回数1)"
2.3858786,11.304264,"(エポック500,試行回数1)"
2.1877563,11.429536,"(エポック500,試行回数1)"
1.9876369,11.551366,"(エポック500,試行回数1)"
1.7855607,11.669649,"(エポック500,試行回数1)"
1.581596,11.784292,"(エポック500,試行回数1)"
1.3758183,11.895203,"(エポック500,試行回数1)"
1.1683445,12.002301,"(エポック500,試行回数1)"
0.9593289,12.105521,"(エポック500,試行回数1)"
0.7489808,12.204825,"(エポック500,試行回数1)"
-0.16342117,-0.40995103,"(エポック600,試行回数1)"
-0.10497337,-0.38709283,"(エポック600,試行回数1)"
-0.046544794,-0.3590291,"(エポック600,試行回数1)"
0.011381391,-0.3257588,"(エポック600,試行回数1)"
0.06830568,-0.287334,"(エポック600,試行回数1)"
0.12371994,-0.24386197,"(エポック600,試行回数1)"
0.1771159,-0.19550408,"(エポック600,試行回数1)"
0.22799347,-0.14247295,"(エポック600,試行回数1)"
0.27586916,-0.08502921,"(エポック600,試行回数1)"
0.32028407,-0.023476161,"(エポック600,試行回数1)"
0.3608098,0.041845385,"(エポック600,試行回数1)"
0.3970564,0.110564575,"(エポック600,試行回数1)"
0.42867258,0.1822859,"(エポック600,試行回数1)"
0.45535395,0.2565964,"(エポック600,試行回数1)"
0.4768391,0.33307126,"(エポック600,試行回数1)"
0.49291337,0.4112794,"(エポック600,試行回数1)"
0.50340617,0.4907881,"(エポック600,試行回数1)"
0.5081906,0.571167,"(エポック600,試行回数1)"
0.50718164,0.651992,"(エポック600,試行回数1)"
0.5003338,0.7328474,"(エポック600,試行回数1)"
0.48763946,0.8133317,"(エポック600,試行回数1)"
0.46912554,0.89305204,"(エポック600,試行回数1)"
0.4448534,0.9716319,"(エポック600,試行回数1)"
0.41491354,1.0487146,"(エポック600,試行回数1)"
0.37942612,1.1239554,"(エポック600,試行回数1)"
0.33853522,1.1970302,"(エポック600,試行回数1)"
0.2924076,1.2676306,"(エポック600,試行回数1)"
0.2412289,1.3354622,"(エポック600,試行回数1)"
0.18519937,1.4002477,"(エポック600,試行回数1)"
0.12453173,1.4617202,"(エポック600,試行回数1)"
0.059446532,1.5196255,"(エポック600,試行回数1)"
-0.009830985,1.5737102,"(エポック600,試行回数1)"
-0.0830721,1.6237397,"(エポック600,試行回数1)"
-0.1600485,1.6694738,"(エポック600,試行回数1)"
-0.24053295,1.7106761,"(エポック600,試行回数1)"
-0.32430056,1.7471089,"(エポック600,試行回数1)"
-0.41112882,1.7785339,"(エポック600,試行回数1)"
-0.5007979,1.804709,"(エポック600,試行回数1)"
-0.5930888,1.8253888,"(エポック600,試行回数1)"
-0.68778497,1.8403219,"(エポック600,試行回数1)"
-0.7846686,1.8492557,"(エポック600,試行回数1)"
-0.88351995,1.8519319,"(エポック600,試行回数1)"
-0.98411727,1.8480967,"(エポック600,試行回数1)"
-1.0862339,1.8374944,"(エポック600,試行回数1)"
-1.189641,1.819879,"(エポック600,試行回数1)"
-1.2940967,1.7950119,"(エポック600,試行回数1)"
-1.3993564,1.7626712,"(エポック600,試行回数1)"
-1.5051634,1.7226589,"(エポック600,試行回数1)"
-1.6112521,1.6748098,"(エポック600,試行回数1)"
-1.7173394,1.6189836,"(エポック600,試行回数1)"
-1.823124,1.5550945,"(エポック600,試行回数1)"
-1.9282882,1.4831026,"(エポック600,試行回数1)"
-2.0324864,1.4030261,"(エポック600,試行回数1)"
-2.1353486,1.3149391,"(エポック600,試行回数1)"
-2.2364736,1.2189826,"(エポック600,試行回数1)"
-2.3354337,1.115352,"(エポック600,試行回数1)"
-2.4317725,1.0042932,"(エポック600,試行回数1)"
-2.5250168,0.8860983,"(エポック600,試行回数1)"
-2.6146731,0.76108855,"(エポック600,試行回数1)"
-2.7002423,0.62960976,"(エポック600,試行回数1)"
-2.781215,0.49201602,"(エポック600,試行回数1)"
-2.8570936,0.34866834,"(エポック600,試行回数1)"
-2.9273844,0.19992939,"(エポック600,試行回数1)"
-2.9916115,0.0461617,"(エポック600,試行回数1)"
-3.0493195,-0.11227109,"(エポック600,試行回数1)"
-3.1000688,-0.2750001,"(エポック600,試行回数1)"
-3.1434598,-0.44165045,"(エポック600,試行回数1)"
-3.179096,-0.6118365,"(エポック600,試行回数1)"
-3.2066195,-0.7851604,"(エポック600,試行回数1)"
-3.2256916,-0.96120834,"(エポック600,試行回数1)"
-3.2360017,-1.1395469,"(エポック600,試行回数1)"
-3.237256,-1.3197199,"(エポック600,試行回数1)"
-3.2291782,-1.5012474,"(エポック600,試行回数1)"
-3.2115045,-1.683616,"(エポック600,試行回数1)"
-3.1839767,-1.8662838,"(エポック600,試行回数1)"
-3.146335,-2.0486817,"(エポック600,試行回数1)"
-3.0983226,-2.2302117,"(エポック600,試行回数1)"
-3.039681,-2.4102697,"(エポック600,試行回数1)"
-2.9701712,-2.588268,"(エポック600,試行回数1)"
-2.8895762,-2.7636518,"(エポック600,試行回数1)"
-2.7977607,-2.9359288,"(エポック600,試行回数1)"
-2.6946647,-3.104672,"(エポック600,試行回数1)"
-2.5803225,-3.2695353,"(エポック600,試行回数1)"
-2.4548883,-3.430173,"(エポック600,試行回数1)"
-2.3185842,-3.5862656,"(エポック600,試行回数1)"
-2.1716943,-3.7374477,"(エポック600,試行回数1)"
-2.014537,-3.8833234,"(エポック600,試行回数1)"
-1.8474323,-4.023413,"(エポック600,試行回数1)"
-1.670696,-4.157176,"(エポック600,試行回数1)"
-1.4846381,-4.283981,"(エポック600,試行回数1)"
-1.2895858,-4.403119,"(エポック600,試行回数1)"
-1.0858899,-4.513784,"(エポック600,試行回数1)"
-0.87394875,-4.6150994,"(エポック600,試行回数1)"
-0.6542231,-4.706093,"(エポック600,試行回数1)"
-0.42726284,-4.785718,"(エポック600,試行回数1)"
-0.19369586,-4.8529215,"(エポック600,試行回数1)"
0.04574985,-4.90664,"(エポック600,試行回数1)"
0.29028073,-4.9458385,"(エポック600,試行回数1)"
0.5390416,-4.969632,"(エポック600,試行回数1)"
0.7911747,-4.9772673,"(エポック600,試行回数1)"
1.0458324,-4.9682174,"(エポック600,試行回数1)"
1.3022107,-4.942247,"(エポック600,試行回数1)"
1.5595189,-4.899463,"(エポック600,試行回数1)"
1.8169782,-4.8403068,"(エポック600,試行回数1)"
2.0737875,-4.76555,"(エポック600,試行回数1)"
2.3291485,-4.676183,"(エポック600,試行回数1)"
2.5822642,-4.5733666,"(エポック600,試行回数1)"
2.8323624,-4.4582987,"(エポック600,試行回数1)"
3.0786583,-4.3321366,"(エポック600,試行回数1)"
3.3203537,-4.19599,"(エポック600,試行回数1)"
3.5565815,-4.0508757,"(エポック600,試行回数1)"
3.786462,-3.8977532,"(エポック600,試行回数1)"
4.009142,-3.737536,"(エポック600,試行回数1)"
4.2238984,-3.5710638,"(エポック600,試行回数1)"
4.430281,-3.3990977,"(エポック600,試行回数1)"
4.6281013,-3.22229,"(エポック600,試行回数1)"
4.8174233,-3.0412257,"(エポック600,試行回数1)"
4.9984226,-2.8564074,"(エポック600,試行回数1)"
5.1713133,-2.6682875,"(エポック600,試行回数1)"
5.336306,-2.4772723,"(エポック600,試行回数1)"
5.4936123,-2.2837386,"(エポック600,試行回数1)"
5.643378,-2.088015,"(エポック600,試行回数1)"
5.785736,-1.890406,"(エポック600,試行回数1)"
5.9207945,-1.691185,"(エポック600,試行回数1)"
6.048668,-1.490595,"(エポック600,試行回数1)"
6.169471,-1.2888606,"(エポック600,試行回数1)"
6.2833214,-1.0862,"(エポック600,試行回数1)"
6.390352,-0.8828007,"(エポック600,試行回数1)"
6.49071,-0.6788298,"(エポック600,試行回数1)"
6.584531,-0.47443083,"(エポック600,試行回数1)"
6.6719546,-0.26968932,"(エポック600,試行回数1)"
6.753117,-0.06463164,"(エポック600,試行回数1)"
6.828139,0.14077137,"(エポック600,試行回数1)"
6.8971453,0.34659788,"(エポック600,試行回数1)"
6.9602556,0.5529509,"(エポック600,試行回数1)"
7.0175967,0.7599444,"(エポック600,試行回数1)"
7.069316,0.9676944,"(エポック600,試行回数1)"
7.1155353,1.1762944,"(エポック600,試行回数1)"
7.156408,1.3858176,"(エポック600,試行回数1)"
7.192076,1.5963165,"(エポック600,試行回数1)"
7.2226644,1.8078183,"(エポック600,試行回数1)"
7.248321,2.020326,"(エポック600,試行回数1)"
7.2691565,2.2338154,"(エポック600,試行回数1)"
7.28527,2.448248,"(エポック600,試行回数1)"
7.296743,2.6635644,"(エポック600,試行回数1)"
7.303639,2.879682,"(エポック600,試行回数1)"
7.3059955,3.0964968,"(エポック600,試行回数1)"
7.303829,3.3139026,"(エポック600,試行回数1)"
7.297126,3.531767,"(エポック600,試行回数1)"
7.285836,3.7499506,"(エポック600,試行回数1)"
7.269869,3.9683127,"(エポック600,試行回数1)"
7.249096,4.186704,"(エポック600,試行回数1)"
7.2233424,4.404973,"(エポック600,試行回数1)"
7.1924243,4.6229453,"(エポック600,試行回数1)"
7.1560845,4.8404675,"(エポック600,試行回数1)"
7.1140747,5.0573645,"(エポック600,試行回数1)"
7.066153,5.2734375,"(エポック600,試行回数1)"
7.012089,5.4884877,"(エポック600,試行回数1)"
6.951674,5.7022567,"(エポック600,試行回数1)"
6.8847923,5.9144626,"(エポック600,試行回数1)"
6.8113923,6.1247954,"(エポック600,試行回数1)"
6.7314954,6.332945,"(エポック600,試行回数1)"
6.6451836,6.538591,"(エポック600,試行回数1)"
6.5526085,6.7415094,"(エポック600,試行回数1)"
6.453953,6.941547,"(エポック600,試行回数1)"
6.3494334,7.138654,"(エポック600,試行回数1)"
6.239293,7.332856,"(エポック600,試行回数1)"
6.123824,7.524239,"(エポック600,試行回数1)"
6.0032773,7.7129254,"(エポック600,試行回数1)"
5.8779316,7.899003,"(エポック600,試行回数1)"
5.7480187,8.082535,"(エポック600,試行回数1)"
5.6137233,8.263555,"(エポック600,試行回数1)"
5.475199,8.442047,"(エポック600,試行回数1)"
5.3325386,8.618001,"(エポック600,試行回数1)"
5.1857934,8.79137,"(エポック600,試行回数1)"
5.0350204,8.962106,"(エポック600,試行回数1)"
4.8802624,9.130172,"(エポック600,試行回数1)"
4.7215605,9.2955265,"(エポック600,試行回数1)"
4.558974,9.458181,"(エポック600,試行回数1)"
4.3925886,9.618058,"(エポック600,試行回数1)"
4.222534,9.775163,"(エポック600,試行回数1)"
4.0489516,9.929481,"(エポック600,試行回数1)"
3.8720067,10.080998,"(エポック600,試行回数1)"
3.6918976,10.229707,"(エポック600,試行回数1)"
3.5088232,10.375547,"(エポック600,試行回数1)"
3.3229873,10.518478,"(エポック600,試行回数1)"
3.1345797,10.658436,"(エポック600,試行回数1)"
2.9437814,10.795332,"(エポック600,試行回数1)"
2.7507443,10.929075,"(エポック600,試行回数1)"
2.5556102,11.059555,"(エポック600,試行回数1)"
2.3584769,11.186667,"(エポック600,試行回数1)"
2.1594338,11.3103,"(エポック600,試行回数1)"
1.9585518,11.430349,"(エポック600,試行回数1)"
1.7559,11.546708,"(エポック600,試行回数1)"
1.5515436,11.659285,"(エポック600,試行回数1)"
1.3455793,11.767969,"(エポック600,試行回数1)"
1.1381223,11.872674,"(エポック600,試行回数1)"
0.9293089,11.973341,"(エポック600,試行回数1)"
0.7192934,12.069961,"(エポック600,試行回数1)"
0.5082383,12.162541,"(エポック600,試行回数1)"
-0.16342117,-0.40995103,"(エポック700,試行回数1)"
-0.104709975,-0.38591713,"(エポック700,試行回数1)"
-0.046095844,-0.35671133,"(エポック700,試行回数1)"
0.0119395545,-0.32234183,"(エポック700,試行回数1)"
0.06889889,-0.28287154,"(エポック700,試行回数1)"
0.12427716,-0.23841666,"(エポック700,試行回数1)"
0.17756993,-0.18914795,"(エポック700,試行回数1)"
0.22828177,-0.13528612,"(エポック700,試行回数1)"
0.27593416,-0.07709921,"(エポック700,試行回数1)"
0.32007408,-0.014896087,"(エポック700,試行回数1)"
0.36027998,0.0509784,"(エポック700,試行回数1)"
0.39616752,0.12015046,"(エポック700,試行回数1)"
0.4273935,0.19222414,"(エポック700,試行回数1)"
0.45365864,0.26678744,"(エポック700,試行回数1)"
0.47471115,0.34341842,"(エポック700,試行回数1)"
0.49034062,0.42169064,"(エポック700,試行回数1)"
0.5003836,0.5011772,"(エポック700,試行回数1)"
0.5047196,0.581456,"(エポック700,試行回数1)"
0.5032691,0.6621129,"(エポック700,試行回数1)"
0.49599114,0.7427423,"(エポック700,試行回数1)"
0.4828833,0.8229515,"(エポック700,試行回数1)"
0.4639761,0.902363,"(エポック700,試行回数1)"
0.43933228,0.9806154,"(エポック700,試行回数1)"
0.40904686,1.0573634,"(エポック700,試行回数1)"
0.3732393,1.1322771,"(エポック700,試行回数1)"
0.33205572,1.2050488,"(エポック700,試行回数1)"
0.28566214,1.2753838,"(エポック700,試行回数1)"
0.23424272,1.3430048,"(エポック700,試行回数1)"
0.17799643,1.4076476,"(エポック700,試行回数1)"
0.117132366,1.4690651,"(エポック700,試行回数1)"
0.05186811,1.527012,"(エポック700,試行回数1)"
-0.017574796,1.5812607,"(エポック700,試行回数1)"
-0.09097262,1.6315821,"(エポック700,試行回数1)"
-0.16810177,1.6777521,"(エポック700,試行回数1)"
-0.2487402,1.7195513,"(エポック700,試行回数1)"
-0.33266827,1.756757,"(エポック700,試行回数1)"
-0.41966996,1.7891427,"(エポック700,試行回数1)"
-0.50953054,1.8164827,"(エポック700,試行回数1)"
-0.60203886,1.8385425,"(エポック700,試行回数1)"
-0.6969819,1.8550848,"(エポック700,試行回数1)"
-0.7941513,1.8658675,"(エポック700,試行回数1)"
-0.89333445,1.8706447,"(エポック700,試行回数1)"
-0.9943151,1.8691633,"(エポック700,試行回数1)"
-1.0968775,1.861177,"(エポック700,試行回数1)"
-1.2007982,1.846436,"(エポック700,試行回数1)"
-1.3058463,1.8247068,"(エポック700,試行回数1)"
-1.4117877,1.79575,"(エポック700,試行回数1)"
-1.5183764,1.7593544,"(エポック700,試行回数1)"
-1.6253603,1.7153255,"(エポック700,試行回数1)"
-1.7324661,1.6635048,"(エポック700,試行回数1)"
-1.8394108,1.603765,"(エポック700,試行回数1)"
-1.945894,1.5360241,"(エポック700,試行回数1)"
-2.0515845,1.4602531,"(エポック700,試行回数1)"
-2.156132,1.3764781,"(エポック700,試行回数1)"
-2.2591445,1.2847806,"(エポック700,試行回数1)"
-2.3602223,1.1853105,"(エポック700,試行回数1)"
-2.458923,1.0782645,"(エポック700,試行回数1)"
-2.5547802,0.9638918,"(エポック700,試行回数1)"
-2.647316,0.8424782,"(エポック700,試行回数1)"
-2.7360349,0.7143363,"(エポック700,試行回数1)"
-2.8204355,0.5797994,"(エポック700,試行回数1)"
-2.9000196,0.4392091,"(エポック700,試行回数1)"
-2.974298,0.29291075,"(エポック700,試行回数1)"
-3.0427916,0.14125457,"(エポック700,試行回数1)"
-3.1050448,-0.015407422,"(エポック700,試行回数1)"
-3.1606152,-0.17671809,"(エポック700,試行回数1)"
-3.2090924,-0.3423126,"(エポック700,試行回数1)"
-3.2501018,-0.5118164,"(エポック700,試行回数1)"
-3.2832656,-0.6848433,"(エポック700,試行回数1)"
-3.308252,-0.8609927,"(エポック700,試行回数1)"
-3.3247426,-1.0398476,"(エポック700,試行回数1)"
-3.3324533,-1.2209711,"(エポック700,試行回数1)"
-3.3311098,-1.4039025,"(エポック700,試行回数1)"
-3.3204458,-1.5881543,"(エポック700,試行回数1)"
-3.3002224,-1.7732105,"(エポック700,試行回数1)"
-3.2701893,-1.9585234,"(エポック700,試行回数1)"
-3.2300925,-2.1435106,"(エポック700,試行回数1)"
-3.1796808,-2.3275764,"(エポック700,試行回数1)"
-3.1186981,-2.5101128,"(エポック700,試行回数1)"
-3.0469122,-2.6905372,"(エポック700,試行回数1)"
-2.9641237,-2.8683088,"(エポック700,試行回数1)"
-2.8702064,-3.0429614,"(エポック700,試行回数1)"
-2.7651277,-3.2141082,"(エポック700,試行回数1)"
-2.6489816,-3.381414,"(エポック700,試行回数1)"
-2.5219321,-3.5446124,"(エポック700,試行回数1)"
-2.384247,-3.7034073,"(エポック700,試行回数1)"
-2.2362447,-3.8574922,"(エポック700,試行回数1)"
-2.0782483,-4.0064955,"(エポック700,試行回数1)"
-1.91059,-4.149989,"(エポック700,試行回数1)"
-1.7335807,-4.287485,"(エポック700,試行回数1)"
-1.547528,-4.4184027,"(エポック700,試行回数1)"
-1.3527404,-4.5420985,"(エポック700,試行回数1)"
-1.1495565,-4.657848,"(エポック700,試行回数1)"
-0.9383516,-4.764822,"(エポック700,試行回数1)"
-0.7195649,-4.8621182,"(エポック700,試行回数1)"
-0.49369943,-4.948769,"(エポック700,試行回数1)"
-0.26134163,-5.0237155,"(エポック700,試行回数1)"
-0.023141667,-5.0859547,"(エポック700,試行回数1)"
0.22018056,-5.1344743,"(エポック700,試行回数1)"
0.46787512,-5.16834,"(エポック700,試行回数1)"
0.71918076,-5.1867523,"(エポック700,試行回数1)"
0.9733742,-5.1891217,"(エポック700,試行回数1)"
1.229768,-5.175025,"(エポック700,試行回数1)"
1.4877102,-5.1443477,"(エポック700,試行回数1)"
1.7465386,-5.0972567,"(エポック700,試行回数1)"
2.0055757,-5.034221,"(エポック700,試行回数1)"
2.2640874,-4.95599,"(エポック700,試行回数1)"
2.5213342,-4.8635087,"(エポック700,試行回数1)"
2.776542,-4.7578917,"(エポック700,試行回数1)"
3.028959,-4.6402755,"(エポック700,試行回数1)"
3.2777998,-4.511771,"(エポック700,試行回数1)"
3.5222735,-4.373422,"(エポック700,試行回数1)"
3.761462,-4.226228,"(エポック700,試行回数1)"
3.9944513,-4.071131,"(エポック700,試行回数1)"
4.2203293,-3.9090397,"(エポック700,試行回数1)"
4.4383297,-3.7408142,"(エポック700,試行回数1)"
4.647962,-3.567219,"(エポック700,試行回数1)"
4.84904,-3.388929,"(エポック700,試行回数1)"
5.0415955,-3.2065084,"(エポック700,試行回数1)"
5.225828,-3.0204628,"(エポック700,試行回数1)"
5.401961,-2.8312428,"(エポック700,試行回数1)"
5.570233,-2.639253,"(エポック700,試行回数1)"
5.7308455,-2.4448574,"(エポック700,試行回数1)"
5.883959,-2.2483873,"(エポック700,試行回数1)"
6.029719,-2.0501363,"(エポック700,試行回数1)"
6.168259,-1.8503639,"(エポック700,試行回数1)"
6.299651,-1.6493138,"(エポック700,試行回数1)"
6.4240766,-1.4471959,"(エポック700,試行回数1)"
6.5416493,-1.2442116,"(エポック700,試行回数1)"
6.652507,-1.0405464,"(エポック700,試行回数1)"
6.7568016,-0.83636767,"(エポック700,試行回数1)"
6.854674,-0.6318097,"(エポック700,試行回数1)"
6.946266,-0.42695487,"(エポック700,試行回数1)"
7.0317044,-0.22183207,"(エポック700,試行回数1)"
7.1111174,-0.016410466,"(エポック700,試行回数1)"
7.184604,0.18939324,"(エポック700,試行回数1)"
7.252277,0.3956951,"(エポック700,試行回数1)"
7.314251,0.6026148,"(エポック700,試行回数1)"
7.3706613,0.8102731,"(エポック700,試行回数1)"
7.4216204,1.0187801,"(エポック700,試行回数1)"
7.4672737,1.2282249,"(エポック700,試行回数1)"
7.507759,1.4386678,"(エポック700,試行回数1)"
7.543221,1.6501516,"(エポック700,試行回数1)"
7.573798,1.8626958,"(エポック700,試行回数1)"
7.5996175,2.0763013,"(エポック700,試行回数1)"
7.620795,2.2909436,"(エポック700,試行回数1)"
7.63743,2.5065813,"(エポック700,試行回数1)"
7.649621,2.72316,"(エポック700,試行回数1)"
7.6574197,2.9405985,"(エポック700,試行回数1)"
7.660888,3.1588004,"(エポック700,試行回数1)"
7.6600537,3.3776584,"(エポック700,試行回数1)"
7.6549144,3.5970557,"(エポック700,試行回数1)"
7.6454363,3.8168614,"(エポック700,試行回数1)"
7.6315527,4.036934,"(エポック700,試行回数1)"
7.6131434,4.257116,"(エポック700,試行回数1)"
7.5900955,4.4772806,"(エポック700,試行回数1)"
7.562204,4.6972685,"(エポック700,試行回数1)"
7.529248,4.916924,"(エポック700,試行回数1)"
7.490988,5.136085,"(エポック700,試行回数1)"
7.447161,5.3545723,"(エポック700,試行回数1)"
7.397492,5.5722184,"(エポック700,試行回数1)"
7.3417435,5.7887945,"(エポック700,試行回数1)"
7.279727,6.0040584,"(エポック700,試行回数1)"
7.2113276,6.217736,"(エポック700,試行回数1)"
7.1365037,6.4295135,"(エポック700,試行回数1)"
7.0552783,6.6390543,"(エポック700,試行回数1)"
6.9677606,6.8460813,"(エポック700,試行回数1)"
6.8740993,7.050373,"(エポック700,試行回数1)"
6.7744875,7.2517977,"(エポック700,試行回数1)"
6.66915,7.450326,"(エポック700,試行回数1)"
6.558342,7.6460214,"(エポック700,試行回数1)"
6.442355,7.8390274,"(エポック700,試行回数1)"
6.3214645,8.029422,"(エポック700,試行回数1)"
6.195955,8.21732,"(エポック700,試行回数1)"
6.0660586,8.40279,"(エポック700,試行回数1)"
5.931974,8.585855,"(エポック700,試行回数1)"
5.7938623,8.766536,"(エポック700,試行回数1)"
5.651809,8.944768,"(エポック700,試行回数1)"
5.505871,9.120516,"(エポック700,試行回数1)"
5.356078,9.29373,"(エポック700,試行回数1)"
5.2024655,9.4643545,"(エポック700,試行回数1)"
5.0450535,9.632351,"(エポック700,試行回数1)"
4.8838716,9.79765,"(エポック700,試行回数1)"
4.7189736,9.960277,"(エポック700,試行回数1)"
4.550452,10.120197,"(エポック700,試行回数1)"
4.378424,10.277404,"(エポック700,試行回数1)"
4.203035,10.431887,"(エポック700,試行回数1)"
4.0244665,10.583635,"(エポック700,試行回数1)"
3.8429096,10.732626,"(エポック700,試行回数1)"
3.658573,10.878826,"(エポック700,試行回数1)"
3.4716575,11.022197,"(エポック700,試行回数1)"
3.2823634,11.162665,"(エポック700,試行回数1)"
3.0908625,11.300163,"(エポック700,試行回数1)"
2.897328,11.434557,"(エポック700,試行回数1)"
2.7018785,11.565813,"(エポック700,試行回数1)"
2.5046296,11.693802,"(エポック700,試行回数1)"
2.3056643,11.818427,"(エポック700,試行回数1)"
2.1050563,11.939583,"(エポック700,試行回数1)"
1.9028575,12.057175,"(エポック700,試行回数1)"
1.6991365,12.17109,"(エポック700,試行回数1)"
-0.16342117,-0.40995103,"(エポック800,試行回数1)"
-0.104355864,-0.38517186,"(エポック800,試行回数1)"
-0.045412686,-0.3551965,"(エポック800,試行回数1)"
0.012921147,-0.3200475,"(エポック800,試行回数1)"
0.07014336,-0.27980378,"(エポック800,試行回数1)"
0.12574448,-0.23460194,"(エポック800,試行回数1)"
0.17921673,-0.18462776,"(エポック800,試行回数1)"
0.23006204,-0.13012123,"(エポック800,試行回数1)"
0.27780077,-0.07136727,"(エポック800,試行回数1)"
0.3219799,-0.008692458,"(エポック800,試行回数1)"
0.3621771,0.05754311,"(エポック800,試行回数1)"
0.3980117,0.12695196,"(エポック800,試行回数1)"
0.42914453,0.19912641,"(エポック800,試行回数1)"
0.45527938,0.27364495,"(エポック800,試行回数1)"
0.47616795,0.35007814,"(エポック800,試行回数1)"
0.49160793,0.4279947,"(エポック800,試行回数1)"
0.5014407,0.5069652,"(エポック800,試行回数1)"
0.5055526,0.5865661,"(エポック800,試行回数1)"
0.5038696,0.66638386,"(エポック800,試行回数1)"
0.496357,0.7460155,"(エポック800,試行回数1)"
0.4830205,0.8250753,"(エポック800,試行回数1)"
0.46389356,0.90318805,"(エポック800,試行回数1)"
0.43904826,0.98000085,"(エポック800,試行回数1)"
0.40858123,1.0551734,"(エポック800,試行回数1)"
0.37261903,1.1283891,"(エポック800,試行回数1)"
0.33131117,1.1993454,"(エポック800,試行回数1)"
0.28482658,1.2677552,"(エポック800,試行回数1)"
0.233354,1.3333539,"(エポック800,試行回数1)"
0.17709452,1.3958851,"(エポック800,試行回数1)"
0.116260365,1.455115,"(エポック800,試行回数1)"
0.051070362,1.5108039,"(エポック800,試行回数1)"
-0.01825203,1.5627357,"(エポック800,試行回数1)"
-0.0914813,1.6106908,"(エポック800,試行回数1)"
-0.16839232,1.6544534,"(エポック800,試行回数1)"
-0.24876143,1.6938154,"(エポック800,試行回数1)"
-0.33236748,1.7285633,"(エポック800,試行回数1)"
-0.41899088,1.7584759,"(エポック800,試行回数1)"
-0.508416,1.7833413,"(エポック800,試行回数1)"
-0.60042804,1.8029329,"(エポック800,試行回数1)"
-0.69481194,1.8170208,"(エポック800,試行回数1)"
-0.79135346,1.8253734,"(エポック800,試行回数1)"
-0.8898362,1.8277524,"(エポック800,試行回数1)"
-0.99004203,1.8239132,"(エポック800,試行回数1)"
-1.0917456,1.8136183,"(エポック800,試行回数1)"
-1.1947185,1.7966267,"(エポック800,試行回数1)"
-1.2987248,1.7726969,"(エポック800,試行回数1)"
-1.4035215,1.7416108,"(エポック800,試行回数1)"
-1.5088552,1.7031558,"(エポック800,試行回数1)"
-1.6144629,1.6571368,"(エポック800,試行回数1)"
-1.7200651,1.6033982,"(エポック800,試行回数1)"
-1.8253672,1.5418098,"(エポック800,試行回数1)"
-1.9300476,1.4722948,"(エポック800,試行回数1)"
-2.0337725,1.394813,"(エポック800,試行回数1)"
-2.13617,1.309389,"(エポック800,試行回数1)"
-2.2368493,1.216094,"(エポック800,試行回数1)"
-2.335377,1.1150768,"(エポック800,試行回数1)"
-2.4312992,1.0065271,"(エポック800,試行回数1)"
-2.5241432,0.89068264,"(エポック800,試行回数1)"
-2.6134133,0.7678228,"(エポック800,試行回数1)"
-2.6986008,0.6382532,"(エポック800,試行回数1)"
-2.7792006,0.5023021,"(エポック800,試行回数1)"
-2.854708,0.36031148,"(エポック800,試行回数1)"
-2.9246275,0.21262933,"(エポック800,試行回数1)"
-2.98848,0.059614576,"(エポック800,試行回数1)"
-3.0458195,-0.09836517,"(エポック800,試行回数1)"
-3.0962021,-0.26093256,"(エポック800,試行回数1)"
-3.1392238,-0.42769697,"(エポック800,試行回数1)"
-3.1744928,-0.59825397,"(エポック800,試行回数1)"
-3.2016568,-0.7721821,"(エポック800,試行回数1)"
-3.2203896,-0.9490409,"(エポック800,試行回数1)"
-3.230361,-1.1283706,"(エポック800,試行回数1)"
-3.23128,-1.3096858,"(エポック800,試行回数1)"
-3.2228541,-1.4924737,"(エポック800,試行回数1)"
-3.2048159,-1.6761897,"(エポック800,試行回数1)"
-3.1768887,-1.8602564,"(エポック800,試行回数1)"
-3.1387925,-2.044068,"(エポック800,試行回数1)"
-3.0902514,-2.2269876,"(エポック800,試行回数1)"
-3.030986,-2.4083714,"(エポック800,試行回数1)"
-2.9607465,-2.5875983,"(エポック800,試行回数1)"
-2.8793066,-2.7640731,"(エポック800,試行回数1)"
-2.7865446,-2.9372942,"(エポック800,試行回数1)"
-2.6824183,-3.1068258,"(エポック800,試行回数1)"
-2.5670044,-3.2723234,"(エポック800,試行回数1)"
-2.440492,-3.4334552,"(エポック800,試行回数1)"
-2.3031492,-3.5899172,"(エポック800,試行回数1)"
-2.1553044,-3.7413654,"(エポック800,試行回数1)"
-1.9973075,-3.8874147,"(エポック800,試行回数1)"
-1.8295065,-4.027605,"(エポック800,試行回数1)"
-1.6522539,-4.1613955,"(エポック800,試行回数1)"
-1.4658718,-4.2881866,"(エポック800,試行回数1)"
-1.2707129,-4.407277,"(エポック800,試行回数1)"
-1.067144,-4.5178843,"(エポック800,試行回数1)"
-0.8555811,-4.619129,"(エポック800,試行回数1)"
-0.6364922,-4.7100496,"(エポック800,試行回数1)"
-0.41042298,-4.7896137,"(エポック800,試行回数1)"
-0.1779832,-4.8567386,"(エポック800,試行回数1)"
0.06013976,-4.9103456,"(エポック800,試行回数1)"
0.30321658,-4.949408,"(エポック800,試行回数1)"
0.5504809,-4.973005,"(エポック800,試行回数1)"
0.80118465,-4.9803867,"(エポック800,試行回数1)"
1.0545963,-4.971018,"(エポック800,試行回数1)"
1.3100234,-4.944627,"(エポック800,試行回数1)"
1.5667639,-4.901244,"(エポック800,試行回数1)"
1.8241056,-4.8412004,"(エポック800,試行回数1)"
2.08128,-4.765139,"(エポック800,試行回数1)"
2.3374925,-4.673935,"(エポック800,試行回数1)"
2.5919087,-4.5686536,"(エポック800,試行回数1)"
2.8437006,-4.450441,"(エポック800,試行回数1)"
3.0920038,-4.3204417,"(エポック800,試行回数1)"
3.3359158,-4.179773,"(エポック800,試行回数1)"
3.5744765,-4.0295224,"(エポック800,試行回数1)"
3.8066757,-3.8707492,"(エポック800,試行回数1)"
4.031521,-3.704513,"(エポック800,試行回数1)"
4.248158,-3.5318077,"(エポック800,試行回数1)"
4.456019,-3.3535497,"(エポック800,試行回数1)"
4.6548376,-3.1705196,"(エポック800,試行回数1)"
4.8446527,-2.9833858,"(エポック800,試行回数1)"
5.0256405,-2.7927072,"(エポック800,試行回数1)"
5.19802,-2.598973,"(エポック800,試行回数1)"
5.362043,-2.402616,"(エポック800,試行回数1)"
5.5178976,-2.2040248,"(エポック800,試行回数1)"
5.6657667,-2.003543,"(エポック800,試行回数1)"
5.805813,-1.8014851,"(エポック800,試行回数1)"
5.9381914,-1.5981311,"(エポック800,試行回数1)"
6.063037,-1.3937253,"(エポック800,試行回数1)"
6.18055,-1.1884959,"(エポック800,試行回数1)"
6.2908883,-0.9826529,"(エポック800,試行回数1)"
6.3942313,-0.7763626,"(エポック800,試行回数1)"
6.4907556,-0.5697586,"(エポック800,試行回数1)"
6.5806212,-0.36291146,"(エポック800,試行回数1)"
6.6639814,-0.15583184,"(エポック800,試行回数1)"
6.7409716,0.051535558,"(エポック800,試行回数1)"
6.81173,0.25929216,"(エポック800,試行回数1)"
6.8763843,0.46756133,"(エポック800,試行回数1)"
6.935066,0.67646766,"(エポック800,試行回数1)"
6.98792,0.8861349,"(エポック800,試行回数1)"
7.035076,1.0966665,"(エポック800,試行回数1)"
7.0766816,1.3081383,"(エポック800,試行回数1)"
7.112905,1.5205994,"(エポック800,試行回数1)"
7.143848,1.7340817,"(エポック800,試行回数1)"
7.1696577,1.9485893,"(エポック800,試行回数1)"
7.190449,2.1641,"(エポック800,試行回数1)"
7.2063236,2.3805702,"(エポック800,試行回数1)"
7.217365,2.597938,"(エポック800,試行回数1)"
7.2236485,2.8161132,"(エポック800,試行回数1)"
7.2252045,3.035003,"(エポック800,試行回数1)"
7.2220592,3.2544768,"(エポック800,試行回数1)"
7.214198,3.4744036,"(エポック800,試行回数1)"
7.2015676,3.6946363,"(エポック800,試行回数1)"
7.1840773,3.915016,"(エポック800,試行回数1)"
7.161597,4.13538,"(エポック800,試行回数1)"
7.1339574,4.355551,"(エポック800,試行回数1)"
7.100933,4.575354,"(エポック800,試行回数1)"
7.062278,4.794596,"(エポック800,試行回数1)"
7.0177402,5.0130725,"(エポック800,試行回数1)"
6.9670568,5.230558,"(エポック800,試行回数1)"
6.909984,5.446828,"(エポック800,試行回数1)"
6.846332,5.6615515,"(エポック800,試行回数1)"
6.775982,5.874411,"(エポック800,試行回数1)"
6.6988854,6.085076,"(エポック800,試行回数1)"
6.6150737,6.293208,"(エポック800,試行回数1)"
6.5246243,6.4984927,"(エポック800,試行回数1)"
6.427726,6.7007055,"(エポック800,試行回数1)"
6.3245735,6.8997626,"(エポック800,試行回数1)"
6.2154217,7.095648,"(エポック800,試行回数1)"
6.1005564,7.288446,"(エポック800,試行回数1)"
5.9802933,7.4782734,"(エポック800,試行回数1)"
5.854947,7.665246,"(エポック800,試行回数1)"
5.724811,7.849444,"(エポック800,試行回数1)"
5.5901294,8.030919,"(エポック800,試行回数1)"
5.4511046,8.209707,"(エポック800,試行回数1)"
5.307881,8.385776,"(エポック800,試行回数1)"
5.160555,8.559088,"(エポック800,試行回数1)"
5.0092025,8.729613,"(エポック800,試行回数1)"
4.8538795,8.897314,"(エポック800,試行回数1)"
4.694633,9.062133,"(エポック800,試行回数1)"
4.5315285,9.224055,"(エポック800,試行回数1)"
4.3646483,9.383049,"(エポック800,試行回数1)"
4.1941066,9.539093,"(エポック800,試行回数1)"
4.020041,9.692157,"(エポック800,試行回数1)"
3.842632,9.842208,"(エポック800,試行回数1)"
3.662094,9.989222,"(エポック800,試行回数1)"
3.4786093,10.133131,"(エポック800,試行回数1)"
3.2924201,10.273876,"(エポック800,試行回数1)"
3.1037369,10.4113865,"(エポック800,試行回数1)"
2.9127605,10.545578,"(エポック800,試行回数1)"
2.719677,10.676363,"(エポック800,試行回数1)"
2.5246816,10.803661,"(エポック800,試行回数1)"
2.327891,10.927344,"(エポック800,試行回数1)"
2.1294382,11.047315,"(エポック800,試行回数1)"
1.9294286,11.16347,"(エポック800,試行回数1)"
1.7279648,11.275701,"(エポック800,試行回数1)"
1.525122,11.383911,"(エポック800,試行回数1)"
1.3209625,11.488037,"(エポック800,試行回数1)"
1.1155442,11.588006,"(エポック800,試行回数1)"
0.9089143,11.683846,"(エポック800,試行回数1)"
0.70110524,11.775638,"(エポック800,試行回数1)"
0.49214458,11.863528,"(エポック800,試行回数1)"
0.28206167,11.947701,"(エポック800,試行回数1)"
0.07090654,12.028374,"(エポック800,試行回数1)"
-0.16342117,-0.40995103,"(エポック900,試行回数1)"
-0.10392193,-0.3845526,"(エポック900,試行回数1)"
-0.044542927,-0.35396117,"(エポック900,試行回数1)"
0.014226522,-0.31820664,"(エポック900,試行回数1)"
0.07188181,-0.2773769,"(エポック900,試行回数1)"
0.1279112,-0.23161435,"(エポック900,試行回数1)"
0.18180405,-0.18111615,"(エポック900,試行回数1)"
0.23305988,-0.12612925,"(エポック900,試行回数1)"
0.28119588,-0.066946946,"(エポック900,試行回数1)"
0.32575658,-0.0039017522,"(エポック900,試行回数1)"
0.36631873,0.06264043,"(エポック900,試行回数1)"
0.40249813,0.13228776,"(エポック900,試行回数1)"
0.43395364,0.20462953,"(エポック900,試行回数1)"
0.46038818,0.2792427,"(エポック900,試行回数1)"
0.48155344,0.35569745,"(エポック900,試行回数1)"
0.49724382,0.43356296,"(エポック900,試行回数1)"
0.5073013,0.5124147,"(エポック900,試行回数1)"
0.5116099,0.59183127,"(エポック900,試行回数1)"
0.5100974,0.6713992,"(エポック900,試行回数1)"
0.5027276,0.7507263,"(エポック900,試行回数1)"
0.48950186,0.8294271,"(エポック900,試行回数1)"
0.47045782,0.9071357,"(エポック900,試行回数1)"
0.445665,0.983503,"(エポック900,試行回数1)"
0.4152205,1.0581967,"(エポック900,試行回数1)"
0.37925106,1.1309053,"(エポック900,試行回数1)"
0.33790556,1.2013321,"(エポック900,試行回数1)"
0.29135522,1.2691994,"(エポック900,試行回数1)"
0.23978855,1.3342508,"(エポック900,試行回数1)"
0.18340775,1.3962344,"(エポック900,試行回数1)"
0.12242561,1.4549192,"(エポック900,試行回数1)"
0.057063054,1.5100803,"(エポック900,試行回数1)"
-0.012455348,1.5615046,"(エポック900,試行回数1)"
-0.08590309,1.6089811,"(エポック900,試行回数1)"
-0.16305393,1.6523062,"(エポック900,試行回数1)"
-0.24368285,1.6912677,"(エポック900,試行回数1)"
-0.32756785,1.7256694,"(エポック900,試行回数1)"
-0.41448924,1.7552968,"(エポック900,試行回数1)"
-0.5042294,1.7799423,"(エポック900,試行回数1)"
-0.5965728,1.7993877,"(エポック900,試行回数1)"
-0.69130397,1.8134135,"(エポック900,試行回数1)"
-0.78820664,1.8217905,"(エポック900,試行回数1)"
-0.8870629,1.8242875,"(エポック900,試行回数1)"
-0.98765314,1.8206686,"(エポック900,試行回数1)"
-1.0897498,1.8106964,"(エポック900,試行回数1)"
-1.1931217,1.7941328,"(エポック900,試行回数1)"
-1.29753,1.7707452,"(エポック900,試行回数1)"
-1.4027367,1.7403044,"(エポック900,試行回数1)"
-1.5084772,1.7025975,"(エポック900,試行回数1)"
-1.6144885,1.6574285,"(エポック900,試行回数1)"
-1.7204865,1.604629,"(エポック900,試行回数1)"
-1.826178,1.544056,"(エポック900,試行回数1)"
-1.931243,1.4756118,"(エポック900,試行回数1)"
-2.035341,1.3992509,"(エポック900,試行回数1)"
-2.138101,1.3149663,"(エポック900,試行回数1)"
-2.2391272,1.222822,"(エポック900,試行回数1)"
-2.3379903,1.1229296,"(エポック900,試行回数1)"
-2.434237,1.0154592,"(エポック900,試行回数1)"
-2.5273898,0.9006327,"(エポック900,試行回数1)"
-2.616957,0.7787046,"(エポック900,試行回数1)"
-2.702433,0.6499658,"(エポック900,試行回数1)"
-2.7833204,0.5147307,"(エポック900,試行回数1)"
-2.859111,0.37332752,"(エポック900,試行回数1)"
-2.929322,0.22610182,"(エポック900,試行回数1)"
-2.9934819,0.07340637,"(エポック900,試行回数1)"
-3.0511425,-0.08439093,"(エポック900,試行回数1)"
-3.1018806,-0.24690951,"(エポック900,試行回数1)"
-3.145294,-0.41375446,"(エポック900,試行回数1)"
-3.1810093,-0.58451307,"(エポック900,試行回数1)"
-3.208674,-0.7587575,"(エポック900,試行回数1)"
-3.2279525,-0.93604046,"(エポック900,試行回数1)"
-3.2385366,-1.1158917,"(エポック900,試行回数1)"
-3.2401268,-1.2978189,"(エポック900,試行回数1)"
-3.232438,-1.4813021,"(エポック900,試行回数1)"
-3.2151825,-1.6657894,"(エポック900,試行回数1)"
-3.1880758,-1.8506963,"(エポック900,試行回数1)"
-3.1508253,-2.035407,"(エポック900,試行回数1)"
-3.1031365,-2.2192743,"(エポック900,試行回数1)"
-3.0447083,-2.401643,"(エポック900,試行回数1)"
-2.9752693,-2.5818715,"(エポック900,試行回数1)"
-2.894594,-2.7593577,"(エポック900,試行回数1)"
-2.802527,-2.933571,"(エポック900,試行回数1)"
-2.6990328,-3.1040673,"(エポック900,試行回数1)"
-2.5841799,-3.27048,"(エポック900,試行回数1)"
-2.458187,-3.4324968,"(エポック900,試行回数1)"
-2.3213356,-3.5898132,"(エポック900,試行回数1)"
-2.173986,-3.7421165,"(エポック900,試行回数1)"
-2.0164986,-3.8890183,"(エポック900,試行回数1)"
-1.8492501,-4.0300856,"(エポック900,試行回数1)"
-1.6725903,-4.1648064,"(エポック900,試行回数1)"
-1.4868743,-4.292597,"(エポック900,試行回数1)"
-1.2924552,-4.412788,"(エポック900,試行回数1)"
-1.0897113,-4.524631,"(エポック900,試行回数1)"
-0.8790494,-4.6272707,"(エポック900,試行回数1)"
-0.66093457,-4.719773,"(エポック900,試行回数1)"
-0.43589756,-4.801141,"(エポック900,試行回数1)"
-0.20452528,-4.8702884,"(エポック900,試行回数1)"
0.032526042,-4.9261494,"(エポック900,試行回数1)"
0.27456382,-4.967663,"(エポック900,試行回数1)"
0.5208636,-4.99391,"(エポック900,試行回数1)"
0.77071744,-5.004102,"(エポック900,試行回数1)"
1.0234305,-4.9976606,"(エポック900,試行回数1)"
1.2783462,-4.9742546,"(エポック900,試行回数1)"
1.5347929,-4.933833,"(エポック900,試行回数1)"
1.7920898,-4.8766274,"(エポック900,試行回数1)"
2.0494876,-4.803197,"(エポック900,試行回数1)"
2.3062005,-4.714328,"(エポック900,試行回数1)"
2.561387,-4.61102,"(エポック900,試行回数1)"
2.8142042,-4.494387,"(エポック900,試行回数1)"
3.0637693,-4.3655677,"(エポック900,試行回数1)"
3.3091798,-4.225688,"(エポック900,試行回数1)"
3.5494475,-4.075851,"(エポック900,試行回数1)"
3.7835388,-3.917154,"(エポック900,試行回数1)"
4.0104175,-3.7506988,"(エポック900,試行回数1)"
4.2291503,-3.5775423,"(エポック900,試行回数1)"
4.43907,-3.3986702,"(エポック900,試行回数1)"
4.6398454,-3.2149308,"(エポック900,試行回数1)"
4.8314276,-3.0270298,"(エポック900,試行回数1)"
5.0139837,-2.8355536,"(エポック900,試行回数1)"
5.187735,-2.641008,"(エポック900,試行回数1)"
5.3529058,-2.443844,"(エポック900,試行回数1)"
5.50974,-2.2444508,"(エポック900,試行回数1)"
5.6584177,-2.0431812,"(エポック900,試行回数1)"
5.7991176,-1.8403543,"(エポック900,試行回数1)"
5.9320145,-1.6362561,"(エポック900,試行回数1)"
6.0572877,-1.4311248,"(エポック900,試行回数1)"
6.175121,-1.2252015,"(エポック900,試行回数1)"
6.2857037,-1.0186937,"(エポック900,試行回数1)"
6.3892245,-0.811765,"(エポック900,試行回数1)"
6.485877,-0.6045371,"(エポック900,試行回数1)"
6.5758247,-0.39707932,"(エポック900,試行回数1)"
6.65922,-0.1893891,"(エポック900,試行回数1)"
6.736213,0.018595504,"(エポック900,試行回数1)"
6.8069324,0.22698328,"(エポック900,試行回数1)"
6.871508,0.4359003,"(エポック900,試行回数1)"
6.930073,0.64547235,"(エポック900,試行回数1)"
6.9827285,0.8558215,"(エポック900,試行回数1)"
7.029652,1.0670482,"(エポック900,試行回数1)"
7.070966,1.2792264,"(エポック900,試行回数1)"
7.10681,1.4924049,"(エポック900,試行回数1)"
7.1373124,1.7066116,"(エポック900,試行回数1)"
7.162604,1.9218502,"(エポック900,試行回数1)"
7.1827984,2.1380968,"(エポック900,試行回数1)"
7.197997,2.3553064,"(エポック900,試行回数1)"
7.2082863,2.5734165,"(エポック900,試行回数1)"
7.2137327,2.79234,"(エポック900,試行回数1)"
7.214389,3.0119748,"(エポック900,試行回数1)"
7.2102785,3.2321908,"(エポック900,試行回数1)"
7.201394,3.4528544,"(エポック900,試行回数1)"
7.187691,3.6738129,"(エポック900,試行回数1)"
7.1690807,3.8949027,"(エポック900,試行回数1)"
7.1454425,4.1159544,"(エポック900,試行回数1)"
7.1166034,4.3367844,"(エポック900,試行回数1)"
7.0823402,4.5572085,"(エポック900,試行回数1)"
7.042401,4.7770276,"(エポック900,試行回数1)"
6.996525,4.9960246,"(エポック900,試行回数1)"
6.9444413,5.213965,"(エポック900,試行回数1)"
6.8858995,5.430594,"(エポック900,試行回数1)"
6.8206725,5.645596,"(エポック900,試行回数1)"
6.748625,5.858631,"(エポック900,試行回数1)"
6.669684,6.0693502,"(エポック900,試行回数1)"
6.5838585,6.277396,"(エポック900,試行回数1)"
6.491236,6.4824333,"(エポック900,試行回数1)"
6.391957,6.6842566,"(エポック900,試行回数1)"
6.2862344,6.882765,"(エポック900,試行回数1)"
6.174339,7.0779414,"(エポック900,試行回数1)"
6.0565944,7.2698765,"(エポック900,試行回数1)"
5.933334,7.4586973,"(エポック900,試行回数1)"
5.804914,7.644521,"(エポック900,試行回数1)"
5.67166,7.827432,"(エポック900,試行回数1)"
5.5338407,8.007489,"(エポック900,試行回数1)"
5.391671,8.18469,"(エポック900,試行回数1)"
5.2453303,8.3590555,"(エポック900,試行回数1)"
5.094926,8.530541,"(エポック900,試行回数1)"
4.940542,8.699114,"(エポック900,試行回数1)"
4.7822537,8.864749,"(エポック900,試行回数1)"
4.6201277,9.027407,"(エポック900,試行回数1)"
4.4542317,9.187086,"(エポック900,試行回数1)"
4.2846594,9.343735,"(エポック900,試行回数1)"
4.1115365,9.497348,"(エポック900,試行回数1)"
3.935012,9.647896,"(エポック900,試行回数1)"
3.7552752,9.795335,"(エポック900,試行回数1)"
3.5725284,9.939594,"(エポック900,試行回数1)"
3.3869865,10.080664,"(エポック900,試行回数1)"
3.198885,10.218446,"(エポック900,試行回数1)"
3.0084355,10.352863,"(エポック900,試行回数1)"
2.8158386,10.483831,"(エポック900,試行回数1)"
2.6212783,10.611256,"(エポック900,試行回数1)"
2.4249325,10.735069,"(エポック900,試行回数1)"
2.2269363,10.855115,"(エポック900,試行回数1)"
2.0274124,10.971292,"(エポック900,試行回数1)"
1.8264565,11.083497,"(エポック900,試行回数1)"
1.6241539,11.191637,"(エポック900,試行回数1)"
1.4205565,11.295633,"(エポック900,試行回数1)"
1.2157034,11.395462,"(エポック900,試行回数1)"
1.0096029,11.491097,"(エポック900,試行回数1)"
0.80227005,11.582637,"(エポック900,試行回数1)"
0.5937136,11.670218,"(エポック900,試行回数1)"
0.38395408,11.754051,"(エポック900,試行回数1)"
0.17302606,11.83432,"(エポック900,試行回数1)"
-0.03899678,11.91126,"(エポック900,試行回数1)"
-0.16342117,-0.40995103,"(エポック999,試行回数1)"
-0.103473134,-0.38361886,"(エポック999,試行回数1)"
-0.043712117,-0.35207877,"(エポック999,試行回数1)"
0.015366426,-0.3153772,"(エポック999,試行回数1)"
0.07325321,-0.2736181,"(エポック999,試行回数1)"
0.12943287,-0.22695996,"(エポック999,試行回数1)"
0.18339261,-0.17561835,"(エポック999,試行回数1)"
0.23463154,-0.119856924,"(エポック999,試行回数1)"
0.2826682,-0.05998524,"(エポック999,試行回数1)"
0.3270497,0.0036492306,"(エポック999,試行回数1)"
0.3673586,0.070667595,"(エポック999,試行回数1)"
0.40321538,0.14066668,"(エポック999,試行回数1)"
0.43428794,0.21322756,"(エポック999,試行回数1)"
0.46028644,0.2879205,"(エポック999,試行回数1)"
0.4809717,0.36431274,"(エポック999,試行回数1)"
0.4961485,0.44197303,"(エポック999,試行回数1)"
0.50566715,0.5204737,"(エポック999,試行回数1)"
0.5094232,0.5994003,"(エポック999,試行回数1)"
0.5073506,0.6783476,"(エポック999,試行回数1)"
0.49942333,0.7569252,"(エポック999,試行回数1)"
0.48565254,0.83476055,"(エポック999,試行回数1)"
0.4660801,0.9114963,"(エポック999,試行回数1)"
0.44078276,0.98679286,"(エポック999,試行回数1)"
0.409863,1.0603335,"(エポック999,試行回数1)"
0.37345088,1.1318171,"(エポック999,試行回数1)"
0.33169943,1.2009623,"(エポック999,試行回数1)"
0.28478134,1.267505,"(エポック999,試行回数1)"
0.23288588,1.331197,"(エポック999,試行回数1)"
0.17621599,1.3918024,"(エポック999,試行回数1)"
0.11498365,1.4491085,"(エポック999,試行回数1)"
0.049408462,1.5028951,"(エポック999,試行回数1)"
-0.02028654,1.5529586,"(エポック999,試行回数1)"
-0.09387675,1.5991023,"(エポック999,試行回数1)"
-0.17113772,1.6411288,"(エポック999,試行回数1)"
-0.2518467,1.6788441,"(エポック999,試行回数1)"
-0.3357828,1.7120482,"(エポック999,試行回数1)"
-0.4227272,1.7405441,"(エポック999,試行回数1)"
-0.5124634,1.7641249,"(エポック999,試行回数1)"
-0.60477597,1.7825811,"(エポック999,試行回数1)"
-0.6994495,1.7957013,"(エポック999,試行回数1)"
-0.7962663,1.8032602,"(エポック999,試行回数1)"
-0.8950076,1.805033,"(エポック999,試行回数1)"
-0.9954498,1.8007822,"(エポック999,試行回数1)"
-1.0973655,1.79028,"(エポック999,試行回数1)"
-1.2005204,1.7732868,"(エポック999,試行回数1)"
-1.3046709,1.7495733,"(エポック999,試行回数1)"
-1.4095701,1.7189071,"(エポック999,試行回数1)"
-1.5149574,1.6810718,"(エポック999,試行回数1)"
-1.620561,1.6358674,"(エポック999,試行回数1)"
-1.7260991,1.5831119,"(エポック999,試行回数1)"
-1.8312651,1.5226619,"(エポック999,試行回数1)"
-1.935738,1.4544039,"(エポック999,試行回数1)"
-2.0391698,1.3782749,"(エポック999,試行回数1)"
-2.1411862,1.2942611,"(エポック999,試行回数1)"
-2.2413888,1.2024008,"(エポック999,試行回数1)"
-2.3393404,1.1027966,"(エポック999,試行回数1)"
-2.434586,0.9955996,"(エポック999,試行回数1)"
-2.5266464,0.881016,"(エポック999,試行回数1)"
-2.6150231,0.75928605,"(エポック999,試行回数1)"
-2.699214,0.6306886,"(エポック999,試行回数1)"
-2.778711,0.49552873,"(エポック999,試行回数1)"
-2.8530164,0.3541306,"(エポック999,試行回数1)"
-2.921638,0.20683512,"(エポック999,試行回数1)"
-2.9841158,0.053999573,"(エポック999,試行回数1)"
-3.0399964,-0.10400299,"(エポック999,試行回数1)"
-3.0888634,-0.26678288,"(エポック999,試行回数1)"
-3.130321,-0.4339316,"(エポック999,試行回数1)"
-3.163995,-0.60502225,"(エポック999,試行回数1)"
-3.189539,-0.7796073,"(エポック999,試行回数1)"
-3.206617,-0.95721936,"(エポック999,試行回数1)"
-3.2149262,-1.1373643,"(エポック999,試行回数1)"
-3.2141638,-1.3195231,"(エポック999,試行回数1)"
-3.204039,-1.5031481,"(エポック999,試行回数1)"
-3.1842618,-1.6876546,"(エポック999,試行回数1)"
-3.1545398,-1.8724242,"(エポック999,試行回数1)"
-3.1145687,-2.0568073,"(エポック999,試行回数1)"
-3.0640447,-2.2401254,"(エポック999,試行回数1)"
-3.002667,-2.4216971,"(エポック999,試行回数1)"
-2.9301746,-2.6008723,"(エポック999,試行回数1)"
-2.84635,-2.7770498,"(エポック999,試行回数1)"
-2.7510805,-2.9497209,"(エポック999,試行回数1)"
-2.6443734,-3.1184673,"(エポック999,試行回数1)"
-2.5263534,-3.282955,"(エポック999,試行回数1)"
-2.3972692,-3.4428856,"(エポック999,試行回数1)"
-2.2574372,-3.5979567,"(エポック999,試行回数1)"
-2.1072354,-3.7478426,"(エポック999,試行回数1)"
-1.9470443,-3.8921545,"(エポック999,試行回数1)"
-1.7772446,-4.030436,"(エポック999,試行回数1)"
-1.5982009,-4.1621532,"(エポック999,試行回数1)"
-1.4102689,-4.286697,"(エポック999,試行回数1)"
-1.2138221,-4.403369,"(エポック999,試行回数1)"
-1.0092576,-4.5114126,"(エポック999,試行回数1)"
-0.797002,-4.6099267,"(エポック999,試行回数1)"
-0.5775424,-4.6979685,"(エポック999,試行回数1)"
-0.351428,-4.7744923,"(エポック999,試行回数1)"
-0.11925169,-4.8384333,"(エポック999,試行回数1)"
0.118336186,-4.888728,"(エポック999,試行回数1)"
0.36066625,-4.924354,"(エポック999,試行回数1)"
0.6070575,-4.9444194,"(エポック999,試行回数1)"
0.85685617,-4.9481964,"(エポック999,試行回数1)"
1.1094207,-4.93518,"(エポック999,試行回数1)"
1.3641233,-4.9051046,"(エポック999,試行回数1)"
1.6203055,-4.857985,"(エポック999,試行回数1)"
1.8772656,-4.794102,"(エポック999,試行回数1)"
2.1342258,-4.714035,"(エポック999,試行回数1)"
2.390353,-4.6186066,"(エポック999,試行回数1)"
2.6447735,-4.5088205,"(エポック999,試行回数1)"
2.896583,-4.3857694,"(エポック999,試行回数1)"
3.1448307,-4.250585,"(エポック999,試行回数1)"
3.3885324,-4.104403,"(エポック999,試行回数1)"
3.626615,-3.9483707,"(エポック999,試行回数1)"
3.8579705,-3.7836301,"(エポック999,試行回数1)"
4.08152,-3.6113822,"(エポック999,試行回数1)"
4.29638,-3.4327462,"(エポック999,試行回数1)"
4.5019865,-3.2487245,"(エポック999,試行回数1)"
4.6981144,-3.0601823,"(エポック999,試行回数1)"
4.8848295,-2.8678055,"(エポック999,試行回数1)"
5.0623198,-2.672184,"(エポック999,試行回数1)"
5.2308292,-2.4738169,"(エポック999,試行回数1)"
5.3906093,-2.2731438,"(エポック999,試行回数1)"
5.5418725,-2.0705569,"(エポック999,試行回数1)"
5.684822,-1.8664061,"(エポック999,試行回数1)"
5.8196635,-1.6609967,"(エポック999,試行回数1)"
5.9465795,-1.4546164,"(エポック999,試行回数1)"
6.065788,-1.2475078,"(エポック999,試行回数1)"
6.1775017,-1.0398792,"(エポック999,試行回数1)"
6.2819433,-0.83191097,"(エポック999,試行回数1)"
6.379307,-0.6237279,"(エポック999,試行回数1)"
6.4697914,-0.41538158,"(エポック999,試行回数1)"
6.5535717,-0.20686097,"(エポック999,試行回数1)"
6.6308055,0.0019074264,"(エポック999,試行回数1)"
6.7016406,0.2110474,"(エポック999,試行回数1)"
6.7662225,0.4206985,"(エポック999,試行回数1)"
6.8247,0.630995,"(エポック999,試行回数1)"
6.877204,0.84206074,"(エポック999,試行回数1)"
6.9238834,1.053999,"(エポック999,試行回数1)"
6.9648833,1.2668875,"(エポック999,試行回数1)"
7.0003304,1.4807763,"(エポック999,試行回数1)"
7.030376,1.6956851,"(エポック999,試行回数1)"
7.055141,1.9116155,"(エポック999,試行回数1)"
7.0747404,2.1285443,"(エポック999,試行回数1)"
7.089274,2.3464212,"(エポック999,試行回数1)"
7.098803,2.5651727,"(エポック999,試行回数1)"
7.103422,2.7847095,"(エポック999,試行回数1)"
7.1031656,3.0049188,"(エポック999,試行回数1)"
7.0980487,3.2256658,"(エポック999,試行回数1)"
7.0880485,3.4468026,"(エポック999,試行回数1)"
7.073105,3.6681716,"(エポック999,試行回数1)"
7.053119,3.8895967,"(エポック999,試行回数1)"
7.027965,4.1109,"(エポック999,試行回数1)"
6.997426,4.3318706,"(エポック999,試行回数1)"
6.9612727,4.552313,"(エポック999,試行回数1)"
6.9192533,4.771999,"(エポック999,試行回数1)"
6.8710933,4.9906793,"(エポック999,試行回数1)"
6.81654,5.208086,"(エポック999,試行回数1)"
6.7553096,5.4239135,"(エポック999,試行回数1)"
6.6872306,5.6378026,"(エポック999,試行回数1)"
6.6121893,5.8493853,"(エポック999,試行回数1)"
6.530148,6.058286,"(エポック999,試行回数1)"
6.441138,6.2641654,"(エポック999,試行回数1)"
6.3452907,6.4667544,"(エポック999,試行回数1)"
6.2427955,6.665928,"(エポック999,試行回数1)"
6.133906,6.8616605,"(エポック999,試行回数1)"
6.0189304,7.054021,"(エポック999,試行回数1)"
5.898224,7.243142,"(エポック999,試行回数1)"
5.772155,7.429144,"(エポック999,試行回数1)"
5.641072,7.612126,"(エポック999,試行回数1)"
5.505278,7.792155,"(エポック999,試行回数1)"
5.365036,7.9692607,"(エポック999,試行回数1)"
5.2205567,8.1434355,"(エポック999,試行回数1)"
5.071973,8.314656,"(エポック999,試行回数1)"
4.9193854,8.482893,"(エポック999,試行回数1)"
4.7628927,8.648109,"(エポック999,試行回数1)"
4.6025643,8.810275,"(エポック999,試行回数1)"
4.438469,8.969368,"(エポック999,試行回数1)"
4.2706804,9.125354,"(エポック999,試行回数1)"
4.099316,9.278214,"(エポック999,試行回数1)"
3.9245172,9.427919,"(エポック999,試行回数1)"
3.7464519,9.574428,"(エポック999,試行回数1)"
3.5653155,9.717693,"(エポック999,試行回数1)"
3.3813307,9.857637,"(エポック999,試行回数1)"
3.194735,9.99421,"(エポック999,試行回数1)"
3.0057614,10.127323,"(エポック999,試行回数1)"
2.8146427,10.256885,"(エポック999,試行回数1)"
2.6215856,10.382799,"(エポック999,試行回数1)"
2.4267826,10.5049715,"(エポック999,試行回数1)"
2.2304108,10.623294,"(エポック999,試行回数1)"
2.0326045,10.737664,"(エポック999,試行回数1)"
1.833469,10.847981,"(エポック999,試行回数1)"
1.6330701,10.954175,"(エポック999,試行回数1)"
1.431429,11.056209,"(エポック999,試行回数1)"
1.2285451,11.1541,"(エポック999,試行回数1)"
1.024369,11.247894,"(エポック999,試行回数1)"
0.8188548,11.337721,"(エポック999,試行回数1)"
0.6119663,11.423739,"(エポック999,試行回数1)"
0.40369514,11.5061455,"(エポック999,試行回数1)"
0.19406824,11.585148,"(エポック999,試行回数1)"
-0.016847335,11.660948,"(エポック999,試行回数1)"
-0.22895437,11.733731,"(エポック999,試行回数1)"
-0.44211861,11.80364,"(エポック999,試行回数1)"
-0.16342117,-0.40995103,"(エポック0,試行回数2)"
-0.17126726,-0.42579308,"(エポック0,試行回数2)"
-0.17890587,-0.4417189,"(エポック0,試行回数2)"
-0.18633914,-0.45772493,"(エポック0,試行回数2)"
-0.19356939,-0.47380722,"(エポック0,試行回数2)"
-0.20059897,-0.489962,"(エポック0,試行回数2)"
-0.20743017,-0.5061856,"(エポック0,試行回数2)"
-0.21406525,-0.5224739,"(エポック0,試行回数2)"
-0.22050676,-0.53882366,"(エポック0,試行回数2)"
-0.22675705,-0.5552313,"(エポック0,試行回数2)"
-0.23281851,-0.57169306,"(エポック0,試行回数2)"
-0.23869365,-0.5882057,"(エポック0,試行回数2)"
-0.24438493,-0.6047658,"(エポック0,試行回数2)"
-0.2498948,-0.6213699,"(エポック0,試行回数2)"
-0.2552258,-0.63801503,"(エポック0,試行回数2)"
-0.26038042,-0.65469784,"(エポック0,試行回数2)"
-0.2653614,-0.67141485,"(エポック0,試行回数2)"
-0.27017087,-0.6881638,"(エポック0,試行回数2)"
-0.27481163,-0.7049414,"(エポック0,試行回数2)"
-0.27928618,-0.72174484,"(エポック0,試行回数2)"
-0.2835971,-0.73857135,"(エポック0,試行回数2)"
-0.28774685,-0.7554182,"(エポック0,試行回数2)"
-0.29173812,-0.7722827,"(エポック0,試行回数2)"
-0.29557335,-0.7891624,"(エポック0,試行回数2)"
-0.29925513,-0.80605483,"(エポック0,試行回数2)"
-0.30278605,-0.8229576,"(エポック0,試行回数2)"
-0.30616862,-0.83986837,"(エポック0,試行回数2)"
-0.30940542,-0.8567851,"(エポック0,試行回数2)"
-0.31249937,-0.87370574,"(エポック0,試行回数2)"
-0.31545234,-0.8906277,"(エポック0,試行回数2)"
-0.3182671,-0.9075492,"(エポック0,試行回数2)"
-0.32094622,-0.9244685,"(エポック0,試行回数2)"
-0.3234921,-0.94138366,"(エポック0,試行回数2)"
-0.32590738,-0.95829296,"(エポック0,試行回数2)"
-0.32819444,-0.97519463,"(エポック0,試行回数2)"
-0.3303557,-0.9920871,"(エポック0,試行回数2)"
-0.3323937,-1.008969,"(エポック0,試行回数2)"
-0.33431077,-1.0258384,"(エポック0,試行回数2)"
-0.33610937,-1.0426941,"(エポック0,試行回数2)"
-0.33779186,-1.0595348,"(エポック0,試行回数2)"
-0.3393607,-1.0763594,"(エポック0,試行回数2)"
-0.34081835,-1.0931652,"(エポック0,試行回数2)"
-0.34216684,-1.1099532,"(エポック0,試行回数2)"
-0.3434086,-1.1267214,"(エポック0,試行回数2)"
-0.34454602,-1.1434687,"(エポック0,試行回数2)"
-0.3455813,-1.160194,"(エポック0,試行回数2)"
-0.34651667,-1.1768968,"(エポック0,試行回数2)"
-0.34735435,-1.193576,"(エポック0,試行回数2)"
-0.3480966,-1.2102307,"(エポック0,試行回数2)"
-0.34874555,-1.2268598,"(エポック0,試行回数2)"
-0.34930336,-1.2434633,"(エポック0,試行回数2)"
-0.34977219,-1.26004,"(エポック0,試行回数2)"
-0.35015404,-1.2765895,"(エポック0,試行回数2)"
-0.35045114,-1.2931112,"(エポック0,試行回数2)"
-0.3506652,-1.3096036,"(エポック0,試行回数2)"
-0.3507987,-1.3260677,"(エポック0,試行回数2)"
-0.35085347,-1.3425026,"(エポック0,試行回数2)"
-0.35083142,-1.3589075,"(エポック0,試行回数2)"
-0.35073456,-1.3752822,"(エポック0,試行回数2)"
-0.35056475,-1.3916267,"(エポック0,試行回数2)"
-0.35032392,-1.4079401,"(エポック0,試行回数2)"
-0.3500139,-1.4242225,"(エポック0,試行回数2)"
-0.34963655,-1.4404734,"(エポック0,試行回数2)"
-0.34919372,-1.456693,"(エポック0,試行回数2)"
-0.3486871,-1.4728806,"(エポック0,試行回数2)"
-0.34811854,-1.4890363,"(エポック0,試行回数2)"
-0.34748986,-1.505161,"(エポック0,試行回数2)"
-0.34680253,-1.5212529,"(エポック0,試行回数2)"
-0.34605834,-1.5373126,"(エポック0,試行回数2)"
-0.3452589,-1.5533402,"(エポック0,試行回数2)"
-0.34440583,-1.5693352,"(エポック0,試行回数2)"
-0.34350076,-1.5852987,"(エポック0,試行回数2)"
-0.34254527,-1.6012295,"(エポック0,試行回数2)"
-0.34154087,-1.6171285,"(エポック0,試行回数2)"
-0.34048903,-1.6329952,"(エポック0,試行回数2)"
-0.33939126,-1.6488302,"(エポック0,試行回数2)"
-0.3382491,-1.6646334,"(エポック0,試行回数2)"
-0.33706385,-1.6804045,"(エポック0,試行回数2)"
-0.33583704,-1.6961443,"(エポック0,試行回数2)"
-0.33456993,-1.71185,"(エポック0,試行回数2)"
-0.33326396,-1.7275264,"(エポック0,試行回数2)"
-0.33192047,-1.7431716,"(エポック0,試行回数2)"
-0.33054066,-1.7587861,"(エポック0,試行回数2)"
-0.32912585,-1.7743695,"(エポック0,試行回数2)"
-0.32767734,-1.7899224,"(エポック0,試行回数2)"
-0.32619634,-1.8054448,"(エポック0,試行回数2)"
-0.32468402,-1.8209374,"(エポック0,試行回数2)"
-0.32314152,-1.8364,"(エポック0,試行回数2)"
-0.32157007,-1.8518327,"(エポック0,試行回数2)"
-0.31997076,-1.8672363,"(エポック0,試行回数2)"
-0.31834465,-1.8826104,"(エポック0,試行回数2)"
-0.31669402,-1.8979614,"(エポック0,試行回数2)"
-0.31501797,-1.9132794,"(エポック0,試行回数2)"
-0.31331834,-1.9285696,"(エポック0,試行回数2)"
-0.3115962,-1.9438317,"(エポック0,試行回数2)"
-0.30985257,-1.9590664,"(エポック0,試行回数2)"
-0.30808842,-1.974274,"(エポック0,試行回数2)"
-0.30630463,-1.989455,"(エポック0,試行回数2)"
-0.3045022,-2.004609,"(エポック0,試行回数2)"
-0.30268195,-2.019737,"(エポック0,試行回数2)"
-0.30084485,-2.0348396,"(エポック0,試行回数2)"
-0.29899174,-2.0499163,"(エポック0,試行回数2)"
-0.2971235,-2.0649679,"(エポック0,試行回数2)"
-0.2952409,-2.079995,"(エポック0,試行回数2)"
-0.2933448,-2.0949974,"(エポック0,試行回数2)"
-0.29143637,-2.1099792,"(エポック0,試行回数2)"
-0.2895157,-2.1249342,"(エポック0,試行回数2)"
-0.2875838,-2.1398666,"(エポック0,試行回数2)"
-0.2856415,-2.1547754,"(エポック0,試行回数2)"
-0.28368938,-2.1696618,"(エポック0,試行回数2)"
-0.28172824,-2.184526,"(エポック0,試行回数2)"
-0.27975878,-2.1993682,"(エポック0,試行回数2)"
-0.27778158,-2.214189,"(エポック0,試行回数2)"
-0.2757974,-2.2289886,"(エポック0,試行回数2)"
-0.27380678,-2.2437677,"(エポック0,試行回数2)"
-0.27181038,-2.258526,"(エポック0,試行回数2)"
-0.26980886,-2.2732644,"(エポック0,試行回数2)"
-0.2678027,-2.287983,"(エポック0,試行回数2)"
-0.26579228,-2.3026905,"(エポック0,試行回数2)"
-0.26377857,-2.3173723,"(エポック0,試行回数2)"
-0.2617619,-2.332036,"(エポック0,試行回数2)"
-0.25974277,-2.346682,"(エポック0,試行回数2)"
-0.2577218,-2.36131,"(エポック0,試行回数2)"
-0.25569946,-2.3759212,"(エポック0,試行回数2)"
-0.25367615,-2.3905153,"(エポック0,試行回数2)"
-0.25165242,-2.4050932,"(エポック0,試行回数2)"
-0.24962872,-2.4196546,"(エポック0,試行回数2)"
-0.24760549,-2.4342008,"(エポック0,試行回数2)"
-0.24558313,-2.4487314,"(エポック0,試行回数2)"
-0.24356212,-2.463247,"(エポック0,試行回数2)"
-0.24154286,-2.4777482,"(エポック0,試行回数2)"
-0.23952574,-2.4922357,"(エポック0,試行回数2)"
-0.23751114,-2.5067089,"(エポック0,試行回数2)"
-0.23549904,-2.521168,"(エポック0,試行回数2)"
-0.23349053,-2.5356145,"(エポック0,試行回数2)"
-0.23148562,-2.5500488,"(エポック0,試行回数2)"
-0.22948468,-2.5644705,"(エポック0,試行回数2)"
-0.227488,-2.57888,"(エポック0,試行回数2)"
-0.22549595,-2.5932782,"(エポック0,試行回数2)"
-0.22350885,-2.6076653,"(エポック0,試行回数2)"
-0.22152697,-2.6220412,"(エポック0,試行回数2)"
-0.21955058,-2.6364071,"(エポック0,試行回数2)"
-0.21758007,-2.6507628,"(エポック0,試行回数2)"
-0.21561563,-2.6651084,"(エポック0,試行回数2)"
-0.21365756,-2.6794448,"(エポック0,試行回数2)"
-0.21170612,-2.6937726,"(エポック0,試行回数2)"
-0.20976156,-2.7080913,"(エポック0,試行回数2)"
-0.20782411,-2.7224016,"(エポック0,試行回数2)"
-0.20589407,-2.736704,"(エポック0,試行回数2)"
-0.2039716,-2.7509987,"(エポック0,試行回数2)"
-0.20205685,-2.7652836,"(エポック0,試行回数2)"
-0.20015019,-2.779564,"(エポック0,試行回数2)"
-0.19825174,-2.7938373,"(エポック0,試行回数2)"
-0.19636177,-2.8081045,"(エポック0,試行回数2)"
-0.1944804,-2.8223658,"(エポック0,試行回数2)"
-0.1926078,-2.8366215,"(エポック0,試行回数2)"
-0.1907442,-2.850872,"(エポック0,試行回数2)"
-0.18888982,-2.8651178,"(エポック0,試行回数2)"
-0.18704472,-2.8793585,"(エポック0,試行回数2)"
-0.18520911,-2.893595,"(エポック0,試行回数2)"
-0.18338318,-2.9078279,"(エポック0,試行回数2)"
-0.18156706,-2.9220572,"(エポック0,試行回数2)"
-0.17976087,-2.9362824,"(エポック0,試行回数2)"
-0.17796476,-2.9505055,"(エポック0,試行回数2)"
-0.1761789,-2.9647255,"(エポック0,試行回数2)"
-0.17440343,-2.978943,"(エポック0,試行回数2)"
-0.17263843,-2.9931586,"(エポック0,試行回数2)"
-0.170884,-3.0073729,"(エポック0,試行回数2)"
-0.16914034,-3.0215855,"(エポック0,試行回数2)"
-0.16740748,-3.0357966,"(エポック0,試行回数2)"
-0.16568556,-3.050007,"(エポック0,試行回数2)"
-0.16397442,-3.0642197,"(エポック0,試行回数2)"
-0.16227463,-3.07843,"(エポック0,試行回数2)"
-0.16058609,-3.0926406,"(エポック0,試行回数2)"
-0.15890883,-3.1068513,"(エポック0,試行回数2)"
-0.157243,-3.1210628,"(エポック0,試行回数2)"
-0.15558864,-3.1352756,"(エポック0,試行回数2)"
-0.15394586,-3.1494894,"(エポック0,試行回数2)"
-0.15231474,-3.1637046,"(エポック0,試行回数2)"
-0.15069528,-3.1779225,"(エポック0,試行回数2)"
-0.14908764,-3.1921422,"(エポック0,試行回数2)"
-0.14749184,-3.2063642,"(エポック0,試行回数2)"
-0.14590795,-3.2205894,"(エポック0,試行回数2)"
-0.14433606,-3.2348173,"(エポック0,試行回数2)"
-0.14277619,-3.2490485,"(エポック0,試行回数2)"
-0.14122842,-3.2632835,"(エポック0,試行回数2)"
-0.13969275,-3.2775228,"(エポック0,試行回数2)"
-0.1381693,-3.2917657,"(エポック0,試行回数2)"
-0.13665809,-3.306013,"(エポック0,試行回数2)"
-0.13515913,-3.3202655,"(エポック0,試行回数2)"
-0.13367268,-3.3345225,"(エポック0,試行回数2)"
-0.13219844,-3.348785,"(エポック0,試行回数2)"
-0.13073659,-3.3630528,"(エポック0,試行回数2)"
-0.12928715,-3.3773265,"(エポック0,試行回数2)"
-0.12785015,-3.3916063,"(エポック0,試行回数2)"
-0.12642567,-3.4058926,"(エポック0,試行回数2)"
-0.12501371,-3.420185,"(エポック0,試行回数2)"
-0.123614304,-3.4344845,"(エポック0,試行回数2)"
-0.12222743,-3.4487913,"(エポック0,試行回数2)"
-0.12085319,-3.463105,"(エポック0,試行回数2)"
-0.16342117,-0.40995103,"(エポック100,試行回数2)"
-0.10760779,-0.40149003,"(エポック100,試行回数2)"
-0.051253628,-0.38873592,"(エポック100,試行回数2)"
0.005234351,-0.3716035,"(エポック100,試行回数2)"
0.06143681,-0.35004187,"(エポック100,試行回数2)"
0.11692738,-0.32403156,"(エポック100,試行回数2)"
0.17127797,-0.29358828,"(エポック100,試行回数2)"
0.22406289,-0.25875863,"(エポック100,試行回数2)"
0.2748641,-0.21962145,"(エポック100,試行回数2)"
0.3232748,-0.17628407,"(エポック100,試行回数2)"
0.3689001,-0.12888,"(エポック100,試行回数2)"
0.41136205,-0.07756773,"(エポック100,試行回数2)"
0.45029813,-0.022527961,"(エポック100,試行回数2)"
0.48536512,0.036038417,"(エポック100,試行回数2)"
0.5162356,0.097912036,"(エポック100,試行回数2)"
0.5426013,0.1628562,"(エポック100,試行回数2)"
0.5641675,0.23061845,"(エポック100,試行回数2)"
0.58066,0.3009305,"(エポック100,試行回数2)"
0.5918158,0.37350863,"(エポック100,試行回数2)"
0.5973882,0.44805437,"(エポック100,試行回数2)"
0.59714806,0.52425313,"(エポック100,試行回数2)"
0.59087163,0.6017737,"(エポック100,試行回数2)"
0.57835335,0.6802683,"(エポック100,試行回数2)"
0.55939996,0.75937074,"(エポック100,試行回数2)"
0.5338292,0.8386951,"(エポック100,試行回数2)"
0.50147456,0.9178368,"(エポック100,試行回数2)"
0.46218115,0.99636763,"(エポック100,試行回数2)"
0.41581407,1.0738409,"(エポック100,試行回数2)"
0.36225563,1.1497833,"(エポック100,試行回数2)"
0.30141467,1.2237042,"(エポック100,試行回数2)"
0.23322935,1.2950912,"(エポック100,試行回数2)"
0.15767853,1.3634139,"(エポック100,試行回数2)"
0.074789986,1.428128,"(エポック100,試行回数2)"
-0.015346791,1.4886851,"(エポック100,試行回数2)"
-0.11256834,1.5445282,"(エポック100,試行回数2)"
-0.21662466,1.5951174,"(エポック100,試行回数2)"
-0.32716915,1.6399167,"(エポック100,試行回数2)"
-0.44375283,1.6784147,"(エポック100,試行回数2)"
-0.56582063,1.710122,"(エポック100,試行回数2)"
-0.69271404,1.734576,"(エポック100,試行回数2)"
-0.8236827,1.7513438,"(エポック100,試行回数2)"
-0.95789546,1.760021,"(エポック100,試行回数2)"
-1.0944526,1.7602388,"(エポック100,試行回数2)"
-1.2324089,1.7516644,"(エポック100,試行回数2)"
-1.3707949,1.7340181,"(エポック100,試行回数2)"
-1.5086365,1.7070805,"(エポック100,試行回数2)"
-1.6449808,1.6707133,"(エポック100,試行回数2)"
-1.7789198,1.6248695,"(エポック100,試行回数2)"
-1.909614,1.5696025,"(エポック100,試行回数2)"
-2.0363092,1.5050775,"(エポック100,試行回数2)"
-2.1583495,1.431555,"(エポック100,試行回数2)"
-2.2751818,1.3493776,"(エポック100,試行回数2)"
-2.3863645,1.2589662,"(エポック100,試行回数2)"
-2.4915483,1.1607808,"(エポック100,試行回数2)"
-2.5904744,1.0553273,"(エポック100,試行回数2)"
-2.682966,0.9431066,"(エポック100,試行回数2)"
-2.768903,0.82463634,"(エポック100,試行回数2)"
-2.8482258,0.70043087,"(エポック100,試行回数2)"
-2.9209085,0.5709916,"(エポック100,試行回数2)"
-2.9869647,0.4368054,"(エポック100,試行回数2)"
-3.0464015,0.29834217,"(エポック100,試行回数2)"
-3.0992463,0.15605044,"(エポック100,試行回数2)"
-3.1455233,0.010356882,"(エポック100,試行回数2)"
-3.1852303,-0.13833673,"(エポック100,試行回数2)"
-3.2183526,-0.2896522,"(エポック100,試行回数2)"
-3.2448342,-0.44323456,"(エポック100,試行回数2)"
-3.2646046,-0.59875304,"(エポック100,試行回数2)"
-3.2775455,-0.7558955,"(エポック100,試行回数2)"
-3.283511,-0.9143675,"(エポック100,試行回数2)"
-3.282322,-1.0738877,"(エポック100,試行回数2)"
-3.2737818,-1.2341814,"(エポック100,試行回数2)"
-3.2576866,-1.3949771,"(エポック100,試行回数2)"
-3.233806,-1.5559996,"(エポック100,試行回数2)"
-3.201929,-1.7169626,"(エポック100,試行回数2)"
-3.1618462,-1.8775611,"(エポック100,試行回数2)"
-3.113344,-2.0374646,"(エポック100,試行回数2)"
-3.056236,-2.1963222,"(エポック100,試行回数2)"
-2.9903004,-2.3537393,"(エポック100,試行回数2)"
-2.915287,-2.5092957,"(エポック100,試行回数2)"
-2.8309133,-2.662511,"(エポック100,試行回数2)"
-2.7368264,-2.8128736,"(エポック100,試行回数2)"
-2.6326153,-2.9598274,"(エポック100,試行回数2)"
-2.5178084,-3.102771,"(エポック100,試行回数2)"
-2.3919125,-3.2410882,"(エポック100,試行回数2)"
-2.254442,-3.3741465,"(エポック100,試行回数2)"
-2.1050394,-3.501352,"(エポック100,試行回数2)"
-1.9434769,-3.6221588,"(エポック100,試行回数2)"
-1.7697365,-3.7360904,"(エポック100,試行回数2)"
-1.5840687,-3.8427813,"(エポック100,試行回数2)"
-1.3869638,-3.9419522,"(エポック100,試行回数2)"
-1.1791487,-4.0334272,"(エポック100,試行回数2)"
-0.961548,-4.1170907,"(エポック100,試行回数2)"
-0.7352397,-4.1928625,"(エポック100,試行回数2)"
-0.50141466,-4.260681,"(エポック100,試行回数2)"
-0.2613296,-4.3204746,"(エポック100,試行回数2)"
-0.016245496,-4.372119,"(エポック100,試行回数2)"
0.23258375,-4.4154596,"(エポック100,試行回数2)"
0.48395163,-4.4502363,"(エポック100,試行回数2)"
0.7367021,-4.476168,"(エポック100,試行回数2)"
0.9897549,-4.492965,"(エポック100,試行回数2)"
1.242093,-4.500346,"(エポック100,試行回数2)"
1.4928061,-4.4981604,"(エポック100,試行回数2)"
1.7410798,-4.486416,"(エポック100,試行回数2)"
1.9862244,-4.465294,"(エポック100,試行回数2)"
2.2276497,-4.4351645,"(エポック100,試行回数2)"
2.464859,-4.3965025,"(エポック100,試行回数2)"
2.6974227,-4.3498716,"(エポック100,試行回数2)"
2.9249907,-4.295855,"(エポック100,試行回数2)"
3.1472719,-4.235012,"(エポック100,試行回数2)"
3.3640711,-4.1678567,"(エポック100,試行回数2)"
3.5752635,-4.094879,"(エポック100,試行回数2)"
3.7808433,-4.0164685,"(エポック100,試行回数2)"
3.9808426,-3.9329925,"(エポック100,試行回数2)"
4.1753454,-3.8447492,"(エポック100,試行回数2)"
4.3644605,-3.7519877,"(エポック100,試行回数2)"
4.5483203,-3.6549027,"(エポック100,試行回数2)"
4.727068,-3.5536594,"(エポック100,試行回数2)"
4.9008584,-3.4484248,"(エポック100,試行回数2)"
5.0698686,-3.3393588,"(エポック100,試行回数2)"
5.234263,-3.2266195,"(エポック100,試行回数2)"
5.394236,-3.1104178,"(エポック100,試行回数2)"
5.5499454,-2.99096,"(エポック100,試行回数2)"
5.701524,-2.868458,"(エポック100,試行回数2)"
5.8490715,-2.7431285,"(エポック100,試行回数2)"
5.992686,-2.6151662,"(エポック100,試行回数2)"
6.1323657,-2.4847655,"(エポック100,試行回数2)"
6.2681184,-2.3520787,"(エポック100,試行回数2)"
6.399923,-2.2172296,"(エポック100,試行回数2)"
6.527737,-2.0803177,"(エポック100,試行回数2)"
6.6515164,-1.9414157,"(エポック100,試行回数2)"
6.7711816,-1.8005913,"(エポック100,試行回数2)"
6.8866897,-1.6578903,"(エポック100,試行回数2)"
6.9980125,-1.5133604,"(エポック100,試行回数2)"
7.1051397,-1.367053,"(エポック100,試行回数2)"
7.2081003,-1.2190212,"(エポック100,試行回数2)"
7.3069096,-1.0693177,"(エポック100,試行回数2)"
7.4016504,-0.9180054,"(エポック100,試行回数2)"
7.4924016,-0.76514715,"(エポック100,試行回数2)"
7.579251,-0.6108019,"(エポック100,試行回数2)"
7.6622944,-0.45502165,"(エポック100,試行回数2)"
7.74161,-0.29785118,"(エポック100,試行回数2)"
7.817313,-0.13933526,"(エポック100,試行回数2)"
7.889456,0.020499317,"(エポック100,試行回数2)"
7.9580846,0.1816337,"(エポック100,試行回数2)"
8.02322,0.34405625,"(エポック100,試行回数2)"
8.08486,0.507759,"(エポック100,試行回数2)"
8.142978,0.6727343,"(エポック100,試行回数2)"
8.197522,0.8389804,"(エポック100,試行回数2)"
8.248428,1.0064855,"(エポック100,試行回数2)"
8.295614,1.175232,"(エポック100,試行回数2)"
8.339003,1.3451984,"(エポック100,試行回数2)"
8.378495,1.5163544,"(エポック100,試行回数2)"
8.414028,1.688653,"(エポック100,試行回数2)"
8.445548,1.8620348,"(エポック100,試行回数2)"
8.473034,2.0364323,"(エポック100,試行回数2)"
8.496527,2.2117643,"(エポック100,試行回数2)"
8.5160055,2.3879378,"(エポック100,試行回数2)"
8.531564,2.564845,"(エポック100,試行回数2)"
8.543297,2.7423763,"(エポック100,試行回数2)"
8.5513115,2.920422,"(エポック100,試行回数2)"
8.555715,3.0988696,"(エポック100,試行回数2)"
8.556627,3.2776072,"(エポック100,試行回数2)"
8.554173,3.45653,"(エポック100,試行回数2)"
8.548479,3.6355345,"(エポック100,試行回数2)"
8.539648,3.8145251,"(エポック100,試行回数2)"
8.527786,3.9934225,"(エポック100,試行回数2)"
8.512999,4.1721563,"(エポック100,試行回数2)"
8.495381,4.3506703,"(エポック100,試行回数2)"
8.475037,4.5289106,"(エポック100,試行回数2)"
8.452074,4.706863,"(エポック100,試行回数2)"
8.426559,4.8844666,"(エポック100,試行回数2)"
8.398599,5.061726,"(エポック100,試行回数2)"
8.368283,5.238628,"(エポック100,試行回数2)"
8.335681,5.41517,"(エポック100,試行回数2)"
8.300835,5.591349,"(エポック100,試行回数2)"
8.263772,5.7671566,"(エポック100,試行回数2)"
8.224496,5.94259,"(エポック100,試行回数2)"
8.182984,6.117649,"(エポック100,試行回数2)"
8.139202,6.2923236,"(エポック100,試行回数2)"
8.093066,6.4666185,"(エポック100,試行回数2)"
8.044462,6.640506,"(エポック100,試行回数2)"
7.993251,6.813969,"(エポック100,試行回数2)"
7.9392753,6.9869847,"(エポック100,試行回数2)"
7.882362,7.1595106,"(エポック100,試行回数2)"
7.8223186,7.3315067,"(エポック100,試行回数2)"
7.7589273,7.5029283,"(エポック100,試行回数2)"
7.692037,7.6737123,"(エポック100,試行回数2)"
7.6214743,7.843781,"(エポック100,試行回数2)"
7.5471134,8.013062,"(エポック100,試行回数2)"
7.468864,8.181469,"(エポック100,試行回数2)"
7.386672,8.348918,"(エポック100,試行回数2)"
7.3005223,8.515308,"(エポック100,試行回数2)"
7.210422,8.680555,"(エポック100,試行回数2)"
7.1164017,8.844575,"(エポック100,試行回数2)"
7.018483,9.007294,"(エポック100,試行回数2)"
6.91668,9.168651,"(エポック100,試行回数2)"
6.81099,9.328605,"(エポック100,試行回数2)"
6.701398,9.487129,"(エポック100,試行回数2)"
6.587877,9.644204,"(エポック100,試行回数2)"
6.4703794,9.799831,"(エポック100,試行回数2)"
-0.16342117,-0.40995103,"(エポック200,試行回数2)"
-0.10689254,-0.39747718,"(エポック200,試行回数2)"
-0.049848747,-0.3800311,"(エポック200,試行回数2)"
0.007287693,-0.35754332,"(エポック200,試行回数2)"
0.06408075,-0.32998726,"(エポック200,試行回数2)"
0.12008833,-0.29738006,"(エポック200,試行回数2)"
0.17486808,-0.25977945,"(エポック200,試行回数2)"
0.22798312,-0.2172848,"(エポック200,試行回数2)"
0.27900732,-0.17003286,"(エポック200,試行回数2)"
0.32752892,-0.11819585,"(エポック200,試行回数2)"
0.37315422,-0.061977286,"(エポック200,試行回数2)"
0.41551092,-0.0016089063,"(エポック200,試行回数2)"
0.45424926,0.06265303,"(エポック200,試行回数2)"
0.4890417,0.13053083,"(エポック200,試行回数2)"
0.5195851,0.20172836,"(エポック200,試行回数2)"
0.5455985,0.27593338,"(エポック200,試行回数2)"
0.56682473,0.35281947,"(エポック200,試行回数2)"
0.58302736,0.4320491,"(エポック200,試行回数2)"
0.5939907,0.51327145,"(エポック200,試行回数2)"
0.59951824,0.5961268,"(エポック200,試行回数2)"
0.59943104,0.680245,"(エポック200,試行回数2)"
0.59356886,0.76524526,"(エポック200,試行回数2)"
0.5817845,0.8507382,"(エポック200,試行回数2)"
0.56394714,0.9363252,"(エポック200,試行回数2)"
0.53993976,1.021594,"(エポック200,試行回数2)"
0.50965834,1.1061234,"(エポック200,試行回数2)"
0.47301576,1.1894834,"(エポック200,試行回数2)"
0.4299326,1.2712263,"(エポック200,試行回数2)"
0.38035312,1.3508967,"(エポック200,試行回数2)"
0.32423252,1.4280257,"(エポック200,試行回数2)"
0.2615502,1.5021334,"(エポック200,試行回数2)"
0.1923122,1.572729,"(エポック200,試行回数2)"
0.11655552,1.6393167,"(エポック200,試行回数2)"
0.034355216,1.7013916,"(エポック200,試行回数2)"
-0.054165512,1.758447,"(エポック200,試行回数2)"
-0.14883018,1.8099831,"(エポック200,試行回数2)"
-0.24939822,1.8555031,"(エポック200,試行回数2)"
-0.35556015,1.8945215,"(エポック200,試行回数2)"
-0.46693087,1.9265661,"(エポック200,試行回数2)"
-0.5830477,1.951184,"(エポック200,試行回数2)"
-0.7033697,1.9679362,"(エポック200,試行回数2)"
-0.82727975,1.9764065,"(エポック200,試行回数2)"
-0.954091,1.9761995,"(エポック200,試行回数2)"
-1.0830523,1.9669464,"(エポック200,試行回数2)"
-1.2133633,1.948319,"(エポック200,試行回数2)"
-1.3441808,1.9200206,"(エポック200,試行回数2)"
-1.4746441,1.8818269,"(エポック200,試行回数2)"
-1.603894,1.8335844,"(エポック200,試行回数2)"
-1.731092,1.7752366,"(エポック200,試行回数2)"
-1.8554475,1.7068307,"(エポック200,試行回数2)"
-1.9762387,1.6285313,"(エポック200,試行回数2)"
-2.092826,1.5406076,"(エポック200,試行回数2)"
-2.204649,1.4434328,"(エポック200,試行回数2)"
-2.3112671,1.3374493,"(エポック200,試行回数2)"
-2.4123185,1.2231627,"(エポック200,試行回数2)"
-2.5075219,1.1011189,"(エポック200,試行回数2)"
-2.5966809,0.97188294,"(エポック200,試行回数2)"
-2.679643,0.8360263,"(エポック200,試行回数2)"
-2.7563381,0.6941236,"(エポック200,試行回数2)"
-2.8267121,0.54673773,"(エポック200,試行回数2)"
-2.8907366,0.3944178,"(エポック200,試行回数2)"
-2.9484093,0.23769659,"(エポック200,試行回数2)"
-2.9997206,0.07708555,"(エポック200,試行回数2)"
-3.044647,-0.08692975,"(エポック200,試行回数2)"
-3.083149,-0.25388718,"(エポック200,試行回数2)"
-3.115158,-0.4233506,"(エポック200,試行回数2)"
-3.14057,-0.5949089,"(エポック200,試行回数2)"
-3.1592474,-0.76817316,"(エポック200,試行回数2)"
-3.171011,-0.9427796,"(エポック200,試行回数2)"
-3.1756666,-1.1183714,"(エポック200,試行回数2)"
-3.1729915,-1.2946081,"(エポック200,試行回数2)"
-3.1627486,-1.4711524,"(エポック200,試行回数2)"
-3.1447148,-1.6476663,"(エポック200,試行回数2)"
-3.1186688,-1.8238053,"(エポック200,試行回数2)"
-3.0844092,-1.9992106,"(エポック200,試行回数2)"
-3.0417557,-2.1735055,"(エポック200,試行回数2)"
-2.9905236,-2.3462944,"(エポック200,試行回数2)"
-2.9305334,-2.517156,"(エポック200,試行回数2)"
-2.8615696,-2.6856346,"(エポック200,試行回数2)"
-2.7833955,-2.851247,"(エポック200,試行回数2)"
-2.6957054,-3.0134683,"(エポック200,試行回数2)"
-2.5981424,-3.1717324,"(エポック200,試行回数2)"
-2.4903076,-3.3254488,"(エポック200,試行回数2)"
-2.37175,-3.4739552,"(エポック200,試行回数2)"
-2.2420409,-3.6165903,"(エポック200,試行回数2)"
-2.1008313,-3.7526848,"(エポック200,試行回数2)"
-1.9478604,-3.8815873,"(エポック200,試行回数2)"
-1.783023,-4.002677,"(エポック200,試行回数2)"
-1.6064178,-4.1154084,"(エポック200,試行回数2)"
-1.4183329,-4.219304,"(エポック200,試行回数2)"
-1.2192659,-4.3139615,"(エポック200,試行回数2)"
-1.0098906,-4.3990526,"(エポック200,試行回数2)"
-0.7910501,-4.4743004,"(エポック200,試行回数2)"
-0.5637261,-4.5394826,"(エポック200,試行回数2)"
-0.32901502,-4.5944033,"(エポック200,試行回数2)"
-0.088069506,-4.638857,"(エポック200,試行回数2)"
0.15790649,-4.67263,"(エポック200,試行回数2)"
0.40771016,-4.6954565,"(エポック200,試行回数2)"
0.6601428,-4.707037,"(エポック200,試行回数2)"
0.91403675,-4.7070427,"(エポック200,試行回数2)"
1.168258,-4.695213,"(エポック200,試行回数2)"
1.4217373,-4.671406,"(エポック200,試行回数2)"
1.6734604,-4.6356826,"(エポック200,試行回数2)"
1.9225135,-4.588326,"(エポック200,試行回数2)"
2.168048,-4.5298676,"(エポック200,試行回数2)"
2.409312,-4.4609914,"(エポック200,試行回数2)"
2.6456263,-4.3825083,"(エポック200,試行回数2)"
2.8764405,-4.2952085,"(エポック200,試行回数2)"
3.1013393,-4.199852,"(エポック200,試行回数2)"
3.3200555,-4.0971236,"(エポック200,試行回数2)"
3.532465,-3.9876363,"(エポック200,試行回数2)"
3.7385402,-3.87192,"(エポック200,試行回数2)"
3.9383063,-3.750429,"(エポック200,試行回数2)"
4.1318736,-3.6235597,"(エポック200,試行回数2)"
4.31936,-3.4916644,"(エポック200,試行回数2)"
4.5009103,-3.3550882,"(エポック200,試行回数2)"
4.676695,-3.2141688,"(エポック200,試行回数2)"
4.8468895,-3.0692363,"(エポック200,試行回数2)"
5.0116677,-2.920645,"(エポック200,試行回数2)"
5.171172,-2.7687237,"(エポック200,試行回数2)"
5.3255196,-2.6137695,"(エポック200,試行回数2)"
5.4747953,-2.456049,"(エポック200,試行回数2)"
5.619041,-2.295798,"(エポック200,試行回数2)"
5.7583013,-2.1332097,"(エポック200,試行回数2)"
5.892584,-1.9684329,"(エポック200,試行回数2)"
6.0219097,-1.8015952,"(エポック200,試行回数2)"
6.1463046,-1.6328119,"(エポック200,試行回数2)"
6.2658095,-1.4621665,"(エポック200,試行回数2)"
6.3804865,-1.2897402,"(エポック200,試行回数2)"
6.4904275,-1.115611,"(エポック200,試行回数2)"
6.595739,-0.9398526,"(エポック200,試行回数2)"
6.6965384,-0.76252997,"(エポック200,試行回数2)"
6.792954,-0.5837026,"(エポック200,試行回数2)"
6.8850923,-0.40342593,"(エポック200,試行回数2)"
6.973093,-0.2217453,"(エポック200,試行回数2)"
7.057035,-0.03868999,"(エポック200,試行回数2)"
7.136978,0.14572075,"(エポック200,試行回数2)"
7.2129464,0.33147484,"(エポック200,試行回数2)"
7.284949,0.51856667,"(エポック200,試行回数2)"
7.3529496,0.70699996,"(エポック200,試行回数2)"
7.416902,0.8967726,"(エポック200,試行回数2)"
7.476749,1.0878708,"(エポック200,試行回数2)"
7.532412,1.2802712,"(エポック200,試行回数2)"
7.583857,1.4739382,"(エポック200,試行回数2)"
7.6310477,1.6688142,"(エポック200,試行回数2)"
7.673987,1.8648182,"(エポック200,試行回数2)"
7.712713,2.0618505,"(エポック200,試行回数2)"
7.7473054,2.2597976,"(エポック200,試行回数2)"
7.7778563,2.45853,"(エポック200,試行回数2)"
7.80451,2.6579013,"(エポック200,試行回数2)"
7.8274074,2.8577695,"(エポック200,試行回数2)"
7.8466883,3.057996,"(エポック200,試行回数2)"
7.8624897,3.2584403,"(エポック200,試行回数2)"
7.874956,3.4589736,"(エポック200,試行回数2)"
7.884193,3.6594572,"(エポック200,試行回数2)"
7.8903017,3.8597848,"(エポック200,試行回数2)"
7.8933682,4.05985,"(エポック200,試行回数2)"
7.8934646,4.259561,"(エポック200,試行回数2)"
7.890655,4.458843,"(エポック200,試行回数2)"
7.88499,4.6576314,"(エポック200,試行回数2)"
7.8765073,4.855867,"(エポック200,試行回数2)"
7.865249,5.0535145,"(エポック200,試行回数2)"
7.8512464,5.2505474,"(エポック200,試行回数2)"
7.8345146,5.4469495,"(エポック200,試行回数2)"
7.8150516,5.642694,"(エポック200,試行回数2)"
7.7928367,5.837767,"(エポック200,試行回数2)"
7.767831,6.0321555,"(エポック200,試行回数2)"
7.7399893,6.225861,"(エポック200,試行回数2)"
7.7092156,6.418839,"(エポック200,試行回数2)"
7.675396,6.6110725,"(エポック200,試行回数2)"
7.638396,6.802526,"(エポック200,試行回数2)"
7.5980754,6.9931593,"(エポック200,試行回数2)"
7.554291,7.1829095,"(エポック200,試行回数2)"
7.5068913,7.371718,"(エポック200,試行回数2)"
7.4557095,7.5595193,"(エポック200,試行回数2)"
7.4006524,7.746214,"(エポック200,試行回数2)"
7.341623,7.9317155,"(エポック200,試行回数2)"
7.27856,8.115927,"(エポック200,試行回数2)"
7.2114305,8.29875,"(エポック200,試行回数2)"
7.1402254,8.4800825,"(エポック200,試行回数2)"
7.0649476,8.659841,"(エポック200,試行回数2)"
6.9856386,8.837897,"(エポック200,試行回数2)"
6.902308,9.014185,"(エポック200,試行回数2)"
6.8149686,9.188624,"(エポック200,試行回数2)"
6.723621,9.361166,"(エポック200,試行回数2)"
6.628254,9.531769,"(エポック200,試行回数2)"
6.5288563,9.70041,"(エポック200,試行回数2)"
6.4253983,9.867074,"(エポック200,試行回数2)"
6.3178587,10.031777,"(エポック200,試行回数2)"
6.206237,10.19454,"(エポック200,試行回数2)"
6.0905504,10.355386,"(エポック200,試行回数2)"
5.9708505,10.514333,"(エポック200,試行回数2)"
5.847197,10.671421,"(エポック200,試行回数2)"
5.7196736,10.82665,"(エポック200,試行回数2)"
5.5884004,10.980026,"(エポック200,試行回数2)"
5.4534802,11.131515,"(エポック200,試行回数2)"
5.314958,11.28104,"(エポック200,試行回数2)"
5.172834,11.428492,"(エポック200,試行回数2)"
5.0270534,11.573713,"(エポック200,試行回数2)"
4.8775144,11.716501,"(エポック200,試行回数2)"
-0.16342117,-0.40995103,"(エポック300,試行回数2)"
-0.1085356,-0.3943437,"(エポック300,試行回数2)"
-0.053378806,-0.37387002,"(エポック300,試行回数2)"
0.0016440109,-0.34848267,"(エポック300,試行回数2)"
0.056116603,-0.31817582,"(エポック300,試行回数2)"
0.10961819,-0.2829849,"(エポック300,試行回数2)"
0.16172817,-0.24298617,"(エポック300,試行回数2)"
0.21203233,-0.1982943,"(エポック300,試行回数2)"
0.26012605,-0.14906065,"(エポック300,試行回数2)"
0.30562058,-0.09547046,"(エポック300,試行回数2)"
0.34814373,-0.037738204,"(エポック300,試行回数2)"
0.38734323,0.023894105,"(エポック300,試行回数2)"
0.42289078,0.08916163,"(エポック300,試行回数2)"
0.45447892,0.15777984,"(エポック300,試行回数2)"
0.4818253,0.22944629,"(エポック300,試行回数2)"
0.50467044,0.3038446,"(エポック300,試行回数2)"
0.5227766,0.3806459,"(エポック300,試行回数2)"
0.5359306,0.45951083,"(エポック300,試行回数2)"
0.54393893,0.54009026,"(エポック300,試行回数2)"
0.5466291,0.6220276,"(エポック300,試行回数2)"
0.5438472,0.7049584,"(エポック300,試行回数2)"
0.53545916,0.7885076,"(エポック300,試行回数2)"
0.52134705,0.872299,"(エポック300,試行回数2)"
0.5014062,0.9559451,"(エポック300,試行回数2)"
0.47555396,1.039051,"(エポック300,試行回数2)"
0.44372004,1.1212159,"(エポック300,試行回数2)"
0.40584785,1.2020292,"(エポック300,試行回数2)"
0.36189827,1.2810731,"(エポック300,試行回数2)"
0.31184933,1.3579202,"(エポック300,試行回数2)"
0.2556969,1.4321378,"(エポック300,試行回数2)"
0.19345848,1.5032822,"(エポック300,試行回数2)"
0.12517616,1.5709063,"(エポック300,試行回数2)"
0.050920956,1.6345576,"(エポック300,試行回数2)"
-0.029202115,1.6937785,"(エポック300,試行回数2)"
-0.11504861,1.7481129,"(エポック300,試行回数2)"
-0.20642853,1.7971181,"(エポック300,試行回数2)"
-0.30310172,1.8403405,"(エポック300,試行回数2)"
-0.4047718,1.8773385,"(エポック300,試行回数2)"
-0.51108485,1.9076949,"(エポック300,試行回数2)"
-0.6216243,1.930994,"(エポック300,試行回数2)"
-0.735914,1.9468387,"(エポック300,試行回数2)"
-0.8534183,1.9548498,"(エポック300,試行回数2)"
-0.97354454,1.9546629,"(エポック300,試行回数2)"
-1.095651,1.9459391,"(エポック300,試行回数2)"
-1.2190527,1.9283681,"(エポック300,試行回数2)"
-1.3430332,1.9016725,"(エポック300,試行回数2)"
-1.4668586,1.8656267,"(エポック300,試行回数2)"
-1.5897895,1.8200644,"(エポック300,試行回数2)"
-1.7111019,1.7648939,"(エポック300,試行回数2)"
-1.8301079,1.7001138,"(エポック300,試行回数2)"
-1.9461577,1.625811,"(エポック300,試行回数2)"
-2.0586696,1.5421703,"(エポック300,試行回数2)"
-2.1671264,1.4494661,"(エポック300,試行回数2)"
-2.2710896,1.348052,"(エポック300,試行回数2)"
-2.37019,1.2383435,"(エポック300,試行回数2)"
-2.4641275,1.1208036,"(エポック300,試行回数2)"
-2.552666,0.995928,"(エポック300,試行回数2)"
-2.6356277,0.8642318,"(エポック300,試行回数2)"
-2.7128747,0.7262368,"(エポック300,試行回数2)"
-2.7843106,0.5824671,"(エポック300,試行回数2)"
-2.849857,0.43343762,"(エポック300,試行回数2)"
-2.9094641,0.27965727,"(エポック300,試行回数2)"
-2.963075,0.12161686,"(エポック300,試行回数2)"
-3.010633,-0.04021083,"(エポック300,試行回数2)"
-3.0520613,-0.20537014,"(エポック300,試行回数2)"
-3.0872648,-0.3734283,"(エポック300,試行回数2)"
-3.116113,-0.54397213,"(エポック300,試行回数2)"
-3.1384478,-0.71660924,"(エポック300,試行回数2)"
-3.1540756,-0.8909637,"(エポック300,試行回数2)"
-3.1627722,-1.0666761,"(エポック300,試行回数2)"
-3.16429,-1.243397,"(エポック300,試行回数2)"
-3.1583743,-1.4207826,"(エポック300,試行回数2)"
-3.1447535,-1.5984899,"(エポック300,試行回数2)"
-3.1231701,-1.7761722,"(エポック300,試行回数2)"
-3.0933802,-1.9534706,"(エポック300,試行回数2)"
-3.0551696,-2.1300094,"(エポック300,試行回数2)"
-3.00831,-2.3054001,"(エポック300,試行回数2)"
-2.9525993,-2.479227,"(エポック300,試行回数2)"
-2.8878114,-2.6510482,"(エポック300,試行回数2)"
-2.8136945,-2.820385,"(エポック300,試行回数2)"
-2.7299616,-2.9867413,"(エポック300,試行回数2)"
-2.6362703,-3.1495676,"(エポック300,試行回数2)"
-2.5322359,-3.3082743,"(エポック300,試行回数2)"
-2.4174404,-3.4622376,"(エポック300,試行回数2)"
-2.2914593,-3.610794,"(エポック300,試行回数2)"
-2.1539342,-3.75326,"(エポック300,試行回数2)"
-2.0045762,-3.8889391,"(エポック300,試行回数2)"
-1.8432289,-4.0171685,"(エポック300,試行回数2)"
-1.6699173,-4.1373115,"(エポック300,試行回数2)"
-1.484847,-4.2487946,"(エポック300,試行回数2)"
-1.2884276,-4.351095,"(エポック300,試行回数2)"
-1.0812435,-4.4437494,"(エポック300,試行回数2)"
-0.86404896,-4.5263405,"(エポック300,試行回数2)"
-0.63773644,-4.5984893,"(エポック300,試行回数2)"
-0.4033174,-4.6598496,"(エポック300,試行回数2)"
-0.16187719,-4.7100763,"(エポック300,試行回数2)"
0.08543026,-4.7488365,"(エポック300,試行回数2)"
0.33743182,-4.7757664,"(エポック300,試行回数2)"
0.59293944,-4.7905006,"(エポック300,試行回数2)"
0.85078067,-4.792635,"(エポック300,試行回数2)"
1.109796,-4.7818317,"(エポック300,試行回数2)"
1.368868,-4.7578573,"(エポック300,試行回数2)"
1.6269099,-4.72069,"(エポック300,試行回数2)"
1.8828948,-4.670555,"(エポック300,試行回数2)"
2.135845,-4.607948,"(エポック300,試行回数2)"
2.3848667,-4.5335984,"(エポック300,試行回数2)"
2.6291425,-4.448382,"(エポック300,試行回数2)"
2.867999,-4.3532043,"(エポック300,試行回数2)"
3.100908,-4.2489686,"(エポック300,試行回数2)"
3.3275104,-4.1365194,"(エポック300,試行回数2)"
3.5475764,-4.0166283,"(エポック300,試行回数2)"
3.7609932,-3.889984,"(エポック300,試行回数2)"
3.9676986,-3.7572196,"(エポック300,試行回数2)"
4.16771,-3.6188822,"(エポック300,試行回数2)"
4.3610845,-3.4754832,"(エポック300,試行回数2)"
4.547922,-3.3275003,"(エポック300,試行回数2)"
4.7283726,-3.1753714,"(エポック300,試行回数2)"
4.9026093,-3.0195022,"(エポック300,試行回数2)"
5.0708156,-2.8602805,"(エポック300,試行回数2)"
5.2331533,-2.6980507,"(エポック300,試行回数2)"
5.389776,-2.533115,"(エポック300,試行回数2)"
5.5408196,-2.3657331,"(エポック300,試行回数2)"
5.6863966,-2.196127,"(エポック300,試行回数2)"
5.826606,-2.0244756,"(エポック300,試行回数2)"
5.96155,-1.8509321,"(エポック300,試行回数2)"
6.0913315,-1.6756095,"(エポック300,試行回数2)"
6.2160516,-1.4986191,"(エポック300,試行回数2)"
6.3358293,-1.3200473,"(エポック300,試行回数2)"
6.4507895,-1.1399685,"(エポック300,試行回数2)"
6.5610785,-0.95845234,"(エポック300,試行回数2)"
6.6668034,-0.7755537,"(エポック300,試行回数2)"
6.768112,-0.59132725,"(エポック300,試行回数2)"
6.8651204,-0.40581423,"(エポック300,試行回数2)"
6.957924,-0.21904832,"(エポック300,試行回数2)"
7.046593,-0.031052858,"(エポック300,試行回数2)"
7.131165,0.1581624,"(エポック300,試行回数2)"
7.211679,0.34860307,"(エポック300,試行回数2)"
7.288102,0.5402803,"(エポック300,試行回数2)"
7.360394,0.7332079,"(エポック300,試行回数2)"
7.4284945,0.9274054,"(エポック300,試行回数2)"
7.492346,1.1228907,"(エポック300,試行回数2)"
7.551853,1.3196689,"(エポック300,試行回数2)"
7.6069703,1.5177269,"(エポック300,試行回数2)"
7.6576715,1.7170335,"(エポック300,試行回数2)"
7.703963,1.9175351,"(エポック300,試行回数2)"
7.7458816,2.119151,"(エポック300,試行回数2)"
7.783517,2.3217754,"(エポック300,試行回数2)"
7.8169894,2.5252855,"(エポック300,試行回数2)"
7.846432,2.729545,"(エポック300,試行回数2)"
7.871989,2.934411,"(エポック300,試行回数2)"
7.893813,3.1397345,"(エポック300,試行回数2)"
7.9120507,3.3453674,"(エポック300,試行回数2)"
7.926843,3.5511684,"(エポック300,試行回数2)"
7.938299,3.7570016,"(エポック300,試行回数2)"
7.9465175,3.9627469,"(エポック300,試行回数2)"
7.951578,4.1682963,"(エポック300,試行回数2)"
7.9535623,4.3735485,"(エポック300,試行回数2)"
7.9524913,4.578417,"(エポック300,試行回数2)"
7.9484167,4.782835,"(エポック300,試行回数2)"
7.9413667,4.9867496,"(エポック300,試行回数2)"
7.9313555,5.190114,"(エポック300,試行回数2)"
7.9183874,5.392889,"(エポック300,試行回数2)"
7.9024463,5.5950484,"(エポック300,試行回数2)"
7.8835006,5.7965727,"(エポック300,試行回数2)"
7.861519,5.9974484,"(エポック300,試行回数2)"
7.836423,6.197659,"(エポック300,試行回数2)"
7.8081174,6.397186,"(エポック300,試行回数2)"
7.7764955,6.596009,"(エポック300,試行回数2)"
7.7414346,6.7940917,"(エポック300,試行回数2)"
7.702799,6.9914007,"(エポック300,試行回数2)"
7.660466,7.1878786,"(エポック300,試行回数2)"
7.6142626,7.3834977,"(エポック300,試行回数2)"
7.564088,7.578177,"(エポック300,試行回数2)"
7.5098405,7.7718472,"(エポック300,試行回数2)"
7.45144,7.9644327,"(エポック300,試行回数2)"
7.3888273,8.155839,"(エポック300,試行回数2)"
7.321962,8.345974,"(エポック300,試行回数2)"
7.2508416,8.534745,"(エポック300,試行回数2)"
7.175396,8.722042,"(エポック300,試行回数2)"
7.095613,8.907771,"(エポック300,試行回数2)"
7.0114594,9.091827,"(エポック300,試行回数2)"
6.9228935,9.274129,"(エポック300,試行回数2)"
6.829866,9.454599,"(エポック300,試行回数2)"
6.7323337,9.63314,"(エポック300,試行回数2)"
6.63024,9.80972,"(エポック300,試行回数2)"
6.5235457,9.984284,"(エポック300,試行回数2)"
6.41223,10.156804,"(エポック300,試行回数2)"
6.296321,10.327242,"(エポック300,試行回数2)"
6.1758766,10.495585,"(エポック300,試行回数2)"
6.050998,10.661824,"(エポック300,試行回数2)"
5.9218054,10.8259325,"(エポック300,試行回数2)"
5.788484,10.987929,"(エポック300,試行回数2)"
5.651221,11.147797,"(エポック300,試行回数2)"
5.510208,11.305515,"(エポック300,試行回数2)"
5.3655787,11.461045,"(エポック300,試行回数2)"
5.2174196,11.6143,"(エポック300,試行回数2)"
5.065757,11.7651825,"(エポック300,試行回数2)"
4.910562,11.91355,"(エポック300,試行回数2)"
4.751758,12.059249,"(エポック300,試行回数2)"
4.589142,12.202044,"(エポック300,試行回数2)"
-0.16342117,-0.40995103,"(エポック400,試行回数2)"
-0.10978604,-0.39197534,"(エポック400,試行回数2)"
-0.056083214,-0.36924234,"(エポック400,試行回数2)"
-0.002704713,-0.34172165,"(エポック400,試行回数2)"
0.04994851,-0.30942106,"(エポック400,試行回数2)"
0.10147137,-0.27238995,"(エポック400,試行回数2)"
0.15146011,-0.23071507,"(エポック400,試行回数2)"
0.1995169,-0.18452135,"(エポック400,試行回数2)"
0.2452544,-0.13396788,"(エポック400,試行回数2)"
0.28829968,-0.0792467,"(エポック400,試行回数2)"
0.32829514,-0.020577498,"(エポック400,試行回数2)"
0.3649062,0.041793462,"(エポック400,試行回数2)"
0.39781746,0.1075983,"(エポック400,試行回数2)"
0.426738,0.17655002,"(エポック400,試行回数2)"
0.4513985,0.2483455,"(エポック400,試行回数2)"
0.4715544,0.3226674,"(エポック400,試行回数2)"
0.48698422,0.39918786,"(エポック400,試行回数2)"
0.4974892,0.4775683,"(エポック400,試行回数2)"
0.502893,0.55746233,"(エポック400,試行回数2)"
0.50304055,0.6385175,"(エポック400,試行回数2)"
0.49779704,0.7203723,"(エポック400,試行回数2)"
0.48704776,0.80266124,"(エポック400,試行回数2)"
0.47069597,0.8850128,"(エポック400,試行回数2)"
0.44866276,0.9670499,"(エポック400,試行回数2)"
0.42088702,1.0483897,"(エポック400,試行回数2)"
0.38732496,1.1286445,"(エポック400,試行回数2)"
0.34794828,1.2074206,"(エポック400,試行回数2)"
0.30274725,1.2843196,"(エポック400,試行回数2)"
0.25172815,1.3589334,"(エポック400,試行回数2)"
0.19492018,1.4308572,"(エポック400,試行回数2)"
0.13237108,1.499677,"(エポック400,試行回数2)"
0.06415454,1.5649744,"(エポック400,試行回数2)"
-0.009629627,1.6263416,"(エポック400,試行回数2)"
-0.088849105,1.6833532,"(エポック400,試行回数2)"
-0.17333727,1.7356004,"(エポック400,試行回数2)"
-0.26288834,1.7826756,"(エポック400,試行回数2)"
-0.3572538,1.8241802,"(エポック400,試行回数2)"
-0.45613977,1.8597217,"(エポック400,試行回数2)"
-0.5592055,1.8889234,"(エポック400,試行回数2)"
-0.6660608,1.9114174,"(エポック400,試行回数2)"
-0.7762707,1.9268521,"(エポック400,試行回数2)"
-0.88935184,1.9348854,"(エポック400,試行回数2)"
-1.0047787,1.9351909,"(エポック400,試行回数2)"
-1.1219904,1.9274619,"(エポック400,試行回数2)"
-1.2403917,1.9114089,"(エポック400,試行回数2)"
-1.3593649,1.886777,"(エポック400,試行回数2)"
-1.4782771,1.8533345,"(エポック400,試行回数2)"
-1.5964918,1.810903,"(エポック400,試行回数2)"
-1.7133837,1.7593604,"(エポック400,試行回数2)"
-1.8283458,1.6986487,"(エポック400,試行回数2)"
-1.9408065,1.6287878,"(エポック400,試行回数2)"
-2.050233,1.549872,"(エポック400,試行回数2)"
-2.1561491,1.4620873,"(エポック400,試行回数2)"
-2.2581296,1.3656838,"(エポック400,試行回数2)"
-2.3558054,1.2609835,"(エポック400,試行回数2)"
-2.4488635,1.1483626,"(エポック400,試行回数2)"
-2.5370398,1.0282388,"(エポック400,試行回数2)"
-2.620122,0.90106094,"(エポック400,試行回数2)"
-2.697935,0.76729846,"(エポック400,試行回数2)"
-2.7703376,0.62742877,"(エポック400,試行回数2)"
-2.837215,0.48193792,"(エポック400,試行回数2)"
-2.8984668,0.33130586,"(エポック400,試行回数2)"
-2.954014,0.1760049,"(エポック400,試行回数2)"
-3.0037503,0.016497942,"(エポック400,試行回数2)"
-3.0475798,-0.14676736,"(エポック400,試行回数2)"
-3.0853803,-0.31335908,"(エポック400,試行回数2)"
-3.1169994,-0.4828617,"(エポック400,試行回数2)"
-3.1422658,-0.65487677,"(エポック400,試行回数2)"
-3.1609697,-0.8290212,"(エポック400,試行回数2)"
-3.1728673,-1.0049254,"(エポック400,試行回数2)"
-3.1776936,-1.1822296,"(エポック400,試行回数2)"
-3.1751606,-1.3605813,"(エポック400,試行回数2)"
-3.1649735,-1.5396272,"(エポック400,試行回数2)"
-3.146841,-1.719018,"(エポック400,試行回数2)"
-3.1204782,-1.8983821,"(エポック400,試行回数2)"
-3.0856218,-2.0773442,"(エポック400,試行回数2)"
-3.0420218,-2.255501,"(エポック400,試行回数2)"
-2.9894445,-2.4324405,"(エポック400,試行回数2)"
-2.9276512,-2.6077156,"(エポック400,試行回数2)"
-2.8563836,-2.7808518,"(エポック400,試行回数2)"
-2.7753608,-2.9513638,"(エポック400,試行回数2)"
-2.6842523,-3.1186879,"(エポック400,試行回数2)"
-2.5826957,-3.2822568,"(エポック400,試行回数2)"
-2.4703014,-3.4414504,"(エポック400,試行回数2)"
-2.3466845,-3.595619,"(エポック400,試行回数2)"
-2.211495,-3.7440789,"(エポック400,試行回数2)"
-2.0644717,-3.8861454,"(エポック400,試行回数2)"
-1.9054672,-4.0211296,"(エポック400,試行回数2)"
-1.7345005,-4.1483765,"(エポック400,試行回数2)"
-1.5517639,-4.2672777,"(エポック400,試行回数2)"
-1.3576428,-4.3772583,"(エポック400,試行回数2)"
-1.1526905,-4.477801,"(エポック400,試行回数2)"
-0.93761677,-4.568408,"(エポック400,試行回数2)"
-0.7132549,-4.6486197,"(エポック400,試行回数2)"
-0.480545,-4.717991,"(エポック400,試行回数2)"
-0.24048847,-4.7760777,"(エポック400,試行回数2)"
0.0058460315,-4.8224583,"(エポック400,試行回数2)"
0.25736874,-4.8566914,"(エポック400,試行回数2)"
0.5129673,-4.878328,"(エポック400,試行回数2)"
0.7715388,-4.8869166,"(エポック400,試行回数2)"
1.0319815,-4.88203,"(エポック400,試行回数2)"
1.2932186,-4.8633227,"(エポック400,試行回数2)"
1.5541791,-4.830603,"(エポック400,試行回数2)"
1.8138199,-4.783906,"(エポック400,試行回数2)"
2.0711164,-4.7235594,"(エポック400,試行回数2)"
2.325102,-4.650159,"(エポック400,試行回数2)"
2.5748696,-4.5645504,"(エポック400,試行回数2)"
2.8196433,-4.4676914,"(エポック400,試行回数2)"
3.058767,-4.360608,"(エポック400,試行回数2)"
3.2917774,-4.244332,"(エポック400,試行回数2)"
3.518315,-4.1198306,"(エポック400,試行回数2)"
3.7381463,-3.9880004,"(エポック400,試行回数2)"
3.9510977,-3.8496487,"(エポック400,試行回数2)"
4.1570835,-3.7054787,"(エポック400,試行回数2)"
4.3560805,-3.5561192,"(エポック400,試行回数2)"
4.5481434,-3.402128,"(エポック400,試行回数2)"
4.733386,-3.2439902,"(エポック400,試行回数2)"
4.911996,-3.0821464,"(エポック400,試行回数2)"
5.084172,-2.9169955,"(エポック400,試行回数2)"
5.2501097,-2.7488966,"(エポック400,試行回数2)"
5.4100046,-2.5781634,"(エポック400,試行回数2)"
5.5640597,-2.4050648,"(エポック400,試行回数2)"
5.7124176,-2.2298334,"(エポック400,試行回数2)"
5.8552322,-2.0526555,"(エポック400,試行回数2)"
5.9926496,-1.8736883,"(エポック400,試行回数2)"
6.12481,-1.6930591,"(エポック400,試行回数2)"
6.2518425,-1.5108778,"(エポック400,試行回数2)"
6.373882,-1.327236,"(エポック400,試行回数2)"
6.4910607,-1.142188,"(エポック400,試行回数2)"
6.603515,-0.9558058,"(エポック400,試行回数2)"
6.7113695,-0.76814634,"(エポック400,試行回数2)"
6.8147397,-0.57925445,"(エポック400,試行回数2)"
6.913728,-0.38916677,"(エポック400,試行回数2)"
7.008425,-0.19791467,"(エポック400,試行回数2)"
7.098881,-0.0055173025,"(エポック400,試行回数2)"
7.185125,0.1880213,"(エポック400,試行回数2)"
7.2671537,0.38270843,"(エポック400,試行回数2)"
7.3449492,0.5785601,"(エポック400,試行回数2)"
7.418435,0.7755978,"(エポック400,試行回数2)"
7.4875407,0.9738563,"(エポック400,試行回数2)"
7.5521913,1.1733643,"(エポック400,試行回数2)"
7.6123185,1.3741384,"(エポック400,試行回数2)"
7.6678796,1.5761877,"(エポック400,試行回数2)"
7.718832,1.7795006,"(エポック400,試行回数2)"
7.765201,1.9840431,"(エポック400,試行回数2)"
7.8070474,2.1897511,"(エポック400,試行回数2)"
7.844465,2.3965352,"(エポック400,試行回数2)"
7.8775706,2.6042893,"(エポック400,試行回数2)"
7.9065356,2.812878,"(エポック400,試行回数2)"
7.9315195,3.0221543,"(エポック400,試行回数2)"
7.9526787,3.2319715,"(エポック400,試行回数2)"
7.9701576,3.442184,"(エポック400,試行回数2)"
7.984085,3.652641,"(エポック400,試行回数2)"
7.994585,3.863201,"(エポック400,試行回数2)"
8.001738,4.0737305,"(エポック400,試行回数2)"
8.005609,4.284114,"(エポック400,試行回数2)"
8.006251,4.494241,"(エポック400,試行回数2)"
8.003696,4.70402,"(エポック400,試行回数2)"
7.9979625,4.913371,"(エポック400,試行回数2)"
7.989028,5.1222515,"(エポック400,試行回数2)"
7.976905,5.3305764,"(エポック400,試行回数2)"
7.961552,5.5383177,"(エポック400,試行回数2)"
7.9429207,5.7454443,"(エポック400,試行回数2)"
7.920943,5.95193,"(エポック400,試行回数2)"
7.8955345,6.157739,"(エポック400,試行回数2)"
7.8665924,6.3628507,"(エポック400,試行回数2)"
7.834003,6.5672283,"(エポック400,試行回数2)"
7.7976317,6.770869,"(エポック400,試行回数2)"
7.7573504,6.9737186,"(エポック400,試行回数2)"
7.7130375,7.1757393,"(エポック400,試行回数2)"
7.664592,7.3768806,"(エポック400,試行回数2)"
7.611925,7.577089,"(エポック400,試行回数2)"
7.5549736,7.7762904,"(エポック400,試行回数2)"
7.49369,7.9744244,"(エポック400,試行回数2)"
7.4280243,8.171402,"(エポック400,試行回数2)"
7.3579435,8.367133,"(エポック400,試行回数2)"
7.2834005,8.561523,"(エポック400,試行回数2)"
7.2043357,8.754484,"(エポック400,試行回数2)"
7.120681,8.945918,"(エポック400,試行回数2)"
7.0323524,9.135741,"(エポック400,試行回数2)"
6.9392614,9.32385,"(エポック400,試行回数2)"
6.8413324,9.510178,"(エポック400,試行回数2)"
6.7384496,9.694628,"(エポック400,試行回数2)"
6.6305537,9.877134,"(エポック400,試行回数2)"
6.5176163,10.057638,"(エポック400,試行回数2)"
6.3996606,10.236078,"(エポック400,試行回数2)"
6.276753,10.412409,"(エポック400,試行回数2)"
6.149017,10.586576,"(エポック400,試行回数2)"
6.016613,10.75854,"(エポック400,試行回数2)"
5.8797517,10.928262,"(エポック400,試行回数2)"
5.738675,11.095706,"(エポック400,試行回数2)"
5.593603,11.260823,"(エポック400,試行回数2)"
5.4447227,11.423558,"(エポック400,試行回数2)"
5.2921944,11.583847,"(エポック400,試行回数2)"
5.136109,11.741575,"(エポック400,試行回数2)"
4.976537,11.896671,"(エポック400,試行回数2)"
4.813423,12.048974,"(エポック400,試行回数2)"
4.6466675,12.198313,"(エポック400,試行回数2)"
4.4761114,12.344511,"(エポック400,試行回数2)"
4.3015566,12.487344,"(エポック400,試行回数2)"
-0.16342117,-0.40995103,"(エポック500,試行回数2)"
-0.11013894,-0.39045087,"(エポック500,試行回数2)"
-0.05686646,-0.36621693,"(エポック500,試行回数2)"
-0.0039926567,-0.33723027,"(エポック500,試行回数2)"
0.04808589,-0.3035138,"(エポック500,試行回数2)"
0.09896938,-0.26512924,"(エポック500,試行回数2)"
0.14825936,-0.22217818,"(エポック500,試行回数2)"
0.1955641,-0.17479846,"(エポック500,試行回数2)"
0.24050245,-0.12316218,"(エポック500,試行回数2)"
0.28270778,-0.067473896,"(エポック500,試行回数2)"
0.32183135,-0.007965527,"(エポック500,試行回数2)"
0.357545,0.055105876,"(エポック500,試行回数2)"
0.3895417,0.12146209,"(エポック500,試行回数2)"
0.41753796,0.19080654,"(エポック500,試行回数2)"
0.4412749,0.26282784,"(エポック500,試行回数2)"
0.4605173,0.3372025,"(エポック500,試行回数2)"
0.4750543,0.41359612,"(エポック500,試行回数2)"
0.48469698,0.4916651,"(エポック500,試行回数2)"
0.48928198,0.5710615,"(エポック500,試行回数2)"
0.4886661,0.6514315,"(エポック500,試行回数2)"
0.48272762,0.73241425,"(エポック500,試行回数2)"
0.47136542,0.81364703,"(エポック500,試行回数2)"
0.45449704,0.89476275,"(エポック500,試行回数2)"
0.43205786,0.9753909,"(エポック500,試行回数2)"
0.40400225,1.0551574,"(エポック500,試行回数2)"
0.3703017,1.1336881,"(エポック500,試行回数2)"
0.3309434,1.2106,"(エポック500,試行回数2)"
0.28593284,1.2855122,"(エポック500,試行回数2)"
0.23529337,1.3580388,"(エポック500,試行回数2)"
0.1790672,1.4277947,"(エポック500,試行回数2)"
0.11731616,1.4943824,"(エポック500,試行回数2)"
0.05012649,1.5574192,"(エポック500,試行回数2)"
-0.022391468,1.6165236,"(エポック500,試行回数2)"
-0.10009892,1.6712997,"(エポック500,試行回数2)"
-0.18282583,1.7213712,"(エポック500,試行回数2)"
-0.27036774,1.7663616,"(エポック500,試行回数2)"
-0.36248335,1.8059058,"(エポック500,試行回数2)"
-0.4588922,1.8396472,"(エポック500,試行回数2)"
-0.559273,1.8672346,"(エポック500,試行回数2)"
-0.6632639,1.8883348,"(エポック500,試行回数2)"
-0.7704613,1.902622,"(エポック500,試行回数2)"
-0.880424,1.9097792,"(エポック500,試行回数2)"
-0.99267334,1.909503,"(エポック500,試行回数2)"
-1.1066986,1.9015043,"(エポック500,試行回数2)"
-1.2219573,1.8855046,"(エポック500,試行回数2)"
-1.3378904,1.8612463,"(エポック500,試行回数2)"
-1.4539179,1.8285022,"(エポック500,試行回数2)"
-1.5694565,1.7870756,"(エポック500,試行回数2)"
-1.6839246,1.7368186,"(エポック500,試行回数2)"
-1.796757,1.6776348,"(エポック500,試行回数2)"
-1.9074081,1.609496,"(エポック500,試行回数2)"
-2.0153677,1.5324436,"(エポック500,試行回数2)"
-2.1201644,1.4465958,"(エポック500,試行回数2)"
-2.2213712,1.3521434,"(エポック500,試行回数2)"
-2.3186083,1.249349,"(エポック500,試行回数2)"
-2.411547,1.1385343,"(エポック500,試行回数2)"
-2.4999046,1.0200727,"(エポック500,試行回数2)"
-2.5834339,0.8943684,"(エポック500,試行回数2)"
-2.6619418,0.76187396,"(エポック500,試行回数2)"
-2.735257,0.6230455,"(エポック500,試行回数2)"
-2.8032253,0.47835964,"(エポック500,試行回数2)"
-2.865729,0.32828778,"(エポック500,試行回数2)"
-2.9226458,0.17330442,"(エポック500,試行回数2)"
-2.973852,0.013877437,"(エポック500,試行回数2)"
-3.019216,-0.14953704,"(エポック500,試行回数2)"
-3.0585887,-0.31649548,"(エポック500,試行回数2)"
-3.0917957,-0.48656827,"(エポック500,試行回数2)"
-3.1186273,-0.6593414,"(エポック500,試行回数2)"
-3.1388512,-0.8344121,"(エポック500,試行回数2)"
-3.1522012,-1.0113915,"(エポック500,試行回数2)"
-3.1583772,-1.1898977,"(エポック500,試行回数2)"
-3.157066,-1.3695548,"(エポック500,試行回数2)"
-3.1479466,-1.5499862,"(エポック500,試行回数2)"
-3.1306958,-1.7308146,"(エポック500,試行回数2)"
-3.105006,-1.9116464,"(エポック500,試行回数2)"
-3.0705864,-2.0920787,"(エポック500,試行回数2)"
-3.0271654,-2.2716882,"(エポック500,試行回数2)"
-2.9744835,-2.450031,"(エポック500,試行回数2)"
-2.912281,-2.6266394,"(エポック500,試行回数2)"
-2.8402781,-2.8010147,"(エポック500,試行回数2)"
-2.7581797,-2.9726298,"(エポック500,試行回数2)"
-2.6656473,-3.1409194,"(エポック500,試行回数2)"
-2.5623221,-3.305286,"(エポック500,試行回数2)"
-2.4478493,-3.4650986,"(エポック500,試行回数2)"
-2.3218594,-3.61968,"(エポック500,試行回数2)"
-2.184068,-3.7683425,"(エポック500,試行回数2)"
-2.0342848,-3.9103875,"(エポック500,試行回数2)"
-1.8724391,-4.0451345,"(エポック500,試行回数2)"
-1.6986321,-4.171925,"(エポック500,試行回数2)"
-1.513138,-4.290131,"(エポック500,試行回数2)"
-1.3164004,-4.3991785,"(エポック500,試行回数2)"
-1.1090211,-4.498513,"(エポック500,試行回数2)"
-0.891742,-4.58759,"(エポック500,試行回数2)"
-0.66539973,-4.6659,"(エポック500,試行回数2)"
-0.4309205,-4.73292,"(エポック500,試行回数2)"
-0.18928301,-4.7881203,"(エポック500,試行回数2)"
0.05848327,-4.8309965,"(エポック500,試行回数2)"
0.31132793,-4.86102,"(エポック500,試行回数2)"
0.56817573,-4.87768,"(エポック500,試行回数2)"
0.827956,-4.880444,"(エポック500,試行回数2)"
1.0895913,-4.868857,"(エポック500,試行回数2)"
1.3520172,-4.8425198,"(エポック500,試行回数2)"
1.6141601,-4.8012667,"(エポック500,試行回数2)"
1.8749646,-4.745162,"(エポック500,試行回数2)"
2.1333811,-4.674618,"(エポック500,試行回数2)"
2.3884141,-4.5903177,"(エポック500,試行回数2)"
2.639146,-4.4932337,"(エポック500,試行回数2)"
2.8847892,-4.384489,"(エポック500,試行回数2)"
3.1247113,-4.265278,"(エポック500,試行回数2)"
3.3584213,-4.1367855,"(エポック500,試行回数2)"
3.5855343,-4.0001264,"(エポック500,試行回数2)"
3.8057618,-3.856309,"(エポック500,試行回数2)"
4.018883,-3.7062182,"(エポック500,試行回数2)"
4.2247787,-3.5506191,"(エポック500,試行回数2)"
4.423423,-3.390174,"(エポック500,試行回数2)"
4.6148744,-3.2254577,"(エポック500,試行回数2)"
4.7993197,-3.0569584,"(エポック500,試行回数2)"
4.9769607,-2.8851256,"(エポック500,試行回数2)"
5.1480303,-2.7103453,"(エポック500,試行回数2)"
5.3127656,-2.532964,"(エポック500,試行回数2)"
5.4713917,-2.3532622,"(エポック500,試行回数2)"
5.624106,-2.1714816,"(エポック500,試行回数2)"
5.7710896,-1.9878281,"(エポック500,試行回数2)"
5.9125075,-1.8024687,"(エポック500,試行回数2)"
6.0485163,-1.6155287,"(エポック500,試行回数2)"
6.1792555,-1.4271142,"(エポック500,試行回数2)"
6.304863,-1.2373167,"(エポック500,試行回数2)"
6.425476,-1.0462066,"(エポック500,試行回数2)"
6.541222,-0.85384405,"(エポック500,試行回数2)"
6.6522384,-0.6602841,"(エポック500,試行回数2)"
6.758601,-0.46556884,"(エポック500,試行回数2)"
6.8604083,-0.26973256,"(エポック500,試行回数2)"
6.957723,-0.072798006,"(エポック500,試行回数2)"
7.0505767,0.12521955,"(エポック500,試行回数2)"
7.138971,0.32431597,"(エポック500,試行回数2)"
7.2228813,0.524502,"(エポック500,試行回数2)"
7.3022633,0.72579664,"(エポック500,試行回数2)"
7.3770356,0.9282251,"(エポック500,試行回数2)"
7.4471283,1.1318133,"(エポック500,試行回数2)"
7.512484,1.3365834,"(エポック500,試行回数2)"
7.573061,1.5425493,"(エポック500,試行回数2)"
7.628832,1.7497108,"(エポック500,試行回数2)"
7.679836,1.9580424,"(エポック500,試行回数2)"
7.726147,2.167499,"(エポック500,試行回数2)"
7.7678733,2.3780107,"(エポック500,試行回数2)"
7.8051496,2.5894806,"(エポック500,試行回数2)"
7.8381367,2.801794,"(エポック500,試行回数2)"
7.8670115,3.0148141,"(エポック500,試行回数2)"
7.8919353,3.2283933,"(エポック500,試行回数2)"
7.9130516,3.4423811,"(エポック500,試行回数2)"
7.930486,3.6566303,"(エポック500,試行回数2)"
7.9443426,3.8709946,"(エポック500,試行回数2)"
7.954717,4.085326,"(エポック500,試行回数2)"
7.961635,4.299499,"(エポック500,試行回数2)"
7.965138,4.513395,"(エポック500,試行回数2)"
7.965239,4.726912,"(エポック500,試行回数2)"
7.961932,4.9399576,"(エポック500,試行回数2)"
7.9551973,5.152453,"(エポック500,試行回数2)"
7.944985,5.364345,"(エポック500,試行回数2)"
7.9312544,5.575572,"(エポック500,試行回数2)"
7.9139204,5.786098,"(エポック500,試行回数2)"
7.8928933,5.9958835,"(エポック500,試行回数2)"
7.8680778,6.204896,"(エポック500,試行回数2)"
7.83937,6.4131036,"(エポック500,試行回数2)"
7.8066597,6.620465,"(エポック500,試行回数2)"
7.7698374,6.826966,"(エポック500,試行回数2)"
7.7287984,7.0325403,"(エポック500,試行回数2)"
7.68348,7.2371583,"(エポック500,試行回数2)"
7.6338305,7.440758,"(エポック500,試行回数2)"
7.5798087,7.6432858,"(エポック500,試行回数2)"
7.5213842,7.8446736,"(エポック500,試行回数2)"
7.458527,8.044849,"(エポック500,試行回数2)"
7.391219,8.243734,"(エポック500,試行回数2)"
7.3193994,8.441242,"(エポック500,試行回数2)"
7.2429924,8.637289,"(エポック500,試行回数2)"
7.161909,8.8317795,"(エポック500,試行回数2)"
7.0760374,9.024626,"(エポック500,試行回数2)"
6.985245,9.215753,"(エポック500,試行回数2)"
6.8894205,9.405056,"(エポック500,試行回数2)"
6.788433,9.592464,"(エポック500,試行回数2)"
6.6822033,9.777898,"(エポック500,試行回数2)"
6.5706944,9.961283,"(エポック500,試行回数2)"
6.4539146,10.142557,"(エポック500,試行回数2)"
6.33193,10.321676,"(エポック500,試行回数2)"
6.204852,10.49854,"(エポック500,試行回数2)"
6.072881,10.673108,"(エポック500,試行回数2)"
5.936233,10.845328,"(エポック500,試行回数2)"
5.7951427,11.015134,"(エポック500,試行回数2)"
5.649851,11.182471,"(エポック500,試行回数2)"
5.5005836,11.347242,"(エポック500,試行回数2)"
5.347529,11.509431,"(エポック500,試行回数2)"
5.1908236,11.668919,"(エポック500,試行回数2)"
5.030532,11.825604,"(エポック500,試行回数2)"
4.8666573,11.979357,"(エポック500,試行回数2)"
4.6991434,12.130066,"(エポック500,試行回数2)"
4.527863,12.277504,"(エポック500,試行回数2)"
4.352648,12.42151,"(エポック500,試行回数2)"
4.173343,12.56192,"(エポック500,試行回数2)"
3.9898083,12.698616,"(エポック500,試行回数2)"
3.8019557,12.831486,"(エポック500,試行回数2)"
-0.16342117,-0.40995103,"(エポック600,試行回数2)"
-0.11031271,-0.3891892,"(エポック600,試行回数2)"
-0.057286546,-0.3637367,"(エポック600,試行回数2)"
-0.0047268327,-0.33358526,"(エポック600,試行回数2)"
0.046972997,-0.29876664,"(エポック600,試行回数2)"
0.09741687,-0.2593526,"(エポック600,試行回数2)"
0.14621052,-0.21545275,"(エポック600,試行回数2)"
0.19296618,-0.16721293,"(エポック600,試行回数2)"
0.23730671,-0.114813425,"(エポック600,試行回数2)"
0.27886966,-0.05846451,"(エポック600,試行回数2)"
0.31730962,0.0015951087,"(エポック600,試行回数2)"
0.35230288,0.06510346,"(エポック600,試行回数2)"
0.38354632,0.1317774,"(エポック600,試行回数2)"
0.41076133,0.20131661,"(エポック600,試行回数2)"
0.43369305,0.27340633,"(エポック600,試行回数2)"
0.452112,0.34771955,"(エポック600,試行回数2)"
0.4658122,0.42392084,"(エポック600,試行回数2)"
0.47461286,0.50166565,"(エポック600,試行回数2)"
0.47835633,0.58060575,"(エポック600,試行回数2)"
0.4769072,0.6603859,"(エポック600,試行回数2)"
0.47015306,0.7406488,"(エポック600,試行回数2)"
0.4580017,0.8210337,"(エポック600,試行回数2)"
0.44038132,0.90117705,"(エポック600,試行回数2)"
0.41723853,0.9807139,"(エポック600,試行回数2)"
0.38853946,1.0592767,"(エポック600,試行回数2)"
0.3542673,1.1364973,"(エポック600,試行回数2)"
0.3144245,1.2120037,"(エポック600,試行回数2)"
0.2690288,1.2854278,"(エポック600,試行回数2)"
0.21811888,1.356393,"(エポック600,試行回数2)"
0.16175051,1.4245331,"(エポック600,試行回数2)"
0.100001246,1.4894694,"(エポック600,試行回数2)"
0.0329702,1.5508386,"(エポック600,試行回数2)"
-0.03921945,1.6082747,"(エポック600,試行回数2)"
-0.11641731,1.6614118,"(エポック600,試行回数2)"
-0.19844468,1.7099031,"(エポック600,試行回数2)"
-0.28509155,1.7533914,"(エポック600,試行回数2)"
-0.37611482,1.791547,"(エポック600,試行回数2)"
-0.47123706,1.8240364,"(エポック600,試行回数2)"
-0.57014555,1.8505396,"(エポック600,試行回数2)"
-0.6724921,1.8707526,"(エポック600,試行回数2)"
-0.77789474,1.8843745,"(エポック600,試行回数2)"
-0.88593763,1.8911172,"(エポック600,試行回数2)"
-0.99617434,1.8907003,"(エポック600,試行回数2)"
-1.1081334,1.8828506,"(エポック600,試行回数2)"
-1.2213156,1.8673099,"(エポック600,試行回数2)"
-1.3352059,1.8438301,"(エポック600,試行回数2)"
-1.4492687,1.812185,"(エポック600,試行回数2)"
-1.5629737,1.7721709,"(エポック600,試行回数2)"
-1.6757822,1.7236202,"(エポック600,試行回数2)"
-1.7871677,1.666412,"(エポック600,試行回数2)"
-1.8966172,1.6004727,"(エポック600,試行回数2)"
-2.0036442,1.5257946,"(エポック600,試行回数2)"
-2.1077833,1.4424375,"(エポック600,試行回数2)"
-2.2086222,1.3505293,"(エポック600,試行回数2)"
-2.3057764,1.2502671,"(エポック600,試行回数2)"
-2.398885,1.1419178,"(エポック600,試行回数2)"
-2.4876652,1.0257992,"(エポック600,試行回数2)"
-2.5718467,0.90227646,"(エポック600,試行回数2)"
-2.6511986,0.7717613,"(エポック600,試行回数2)"
-2.7255218,0.6346886,"(エポック600,試行回数2)"
-2.7946444,0.4915116,"(エポック600,試行回数2)"
-2.8584065,0.34269914,"(エポック600,試行回数2)"
-2.9166617,0.18872112,"(エポック600,試行回数2)"
-2.96926,0.030044684,"(エポック600,試行回数2)"
-3.0160472,-0.13286628,"(エポック600,試行回数2)"
-3.0568538,-0.29956037,"(エポック600,試行回数2)"
-3.0914826,-0.4695965,"(エポック600,試行回数2)"
-3.1197107,-0.64254755,"(エポック600,試行回数2)"
-3.1412835,-0.8179973,"(エポック600,試行回数2)"
-3.1559153,-0.99554086,"(エポック600,試行回数2)"
-3.1632972,-1.1747828,"(エポック600,試行回数2)"
-3.1630878,-1.3553289,"(エポック600,試行回数2)"
-3.1549473,-1.5367869,"(エポック600,試行回数2)"
-3.1385262,-1.7187614,"(エポック600,試行回数2)"
-3.1134996,-1.9008427,"(エポック600,試行回数2)"
-3.0795534,-2.0826106,"(エポック600,試行回数2)"
-3.0363955,-2.2636228,"(エポック600,試行回数2)"
-2.9837427,-2.4434202,"(エポック600,試行回数2)"
-2.9213321,-2.621515,"(エポック600,試行回数2)"
-2.8488803,-2.797395,"(エポック600,試行回数2)"
-2.7660933,-2.9705029,"(エポック600,試行回数2)"
-2.672643,-3.140278,"(エポック600,試行回数2)"
-2.5681944,-3.3061047,"(エポック600,試行回数2)"
-2.4524195,-3.467337,"(エポック600,試行回数2)"
-2.3250158,-3.6233091,"(エポック600,試行回数2)"
-2.1857538,-3.773331,"(エポック600,試行回数2)"
-2.03451,-3.9167204,"(エポック600,試行回数2)"
-1.8712957,-4.0528035,"(エポック600,試行回数2)"
-1.6962831,-4.1809354,"(エポック600,試行回数2)"
-1.5098032,-4.3005047,"(エポック600,試行回数2)"
-1.3123531,-4.410945,"(エポック600,試行回数2)"
-1.104564,-4.51167,"(エポック600,試行回数2)"
-0.887181,-4.6021256,"(エポック600,試行回数2)"
-0.6610274,-4.6817937,"(エポック600,試行回数2)"
-0.42699957,-4.7500663,"(エポック600,試行回数2)"
-0.18602452,-4.806398,"(エポック600,試行回数2)"
0.060928,-4.850198,"(エポック600,試行回数2)"
0.31287578,-4.8809257,"(エポック600,試行回数2)"
0.5688159,-4.898002,"(エポック600,試行回数2)"
0.82775205,-4.900892,"(エポック600,試行回数2)"
1.0886786,-4.8890653,"(エポック600,試行回数2)"
1.3505964,-4.8621035,"(エポック600,試行回数2)"
1.6124854,-4.819759,"(エポック600,試行回数2)"
1.873326,-4.76203,"(エポック600,試行回数2)"
2.1320794,-4.6892567,"(エポック600,試行回数2)"
2.3877594,-4.60211,"(エポック600,試行回数2)"
2.639424,-4.50156,"(エポック600,試行回数2)"
2.8862727,-4.388824,"(エポック600,試行回数2)"
3.1276238,-4.265191,"(エポック600,試行回数2)"
3.3629365,-4.131952,"(エポック600,試行回数2)"
3.5917704,-3.9903295,"(エポック600,試行回数2)"
3.8137693,-3.8414218,"(エポック600,試行回数2)"
4.028656,-3.6861904,"(エポック600,試行回数2)"
4.2362432,-3.5254421,"(エポック600,試行回数2)"
4.4364686,-3.3598857,"(エポック600,試行回数2)"
4.6293755,-3.1901147,"(エポック600,試行回数2)"
4.815105,-3.0166385,"(エポック600,試行回数2)"
4.993869,-2.8399158,"(エポック600,試行回数2)"
5.165917,-2.6603305,"(エポック600,試行回数2)"
5.331492,-2.4782252,"(エポック600,試行回数2)"
5.490824,-2.2938855,"(エポック600,試行回数2)"
5.644116,-2.1075518,"(エポック600,試行回数2)"
5.791574,-1.9194201,"(エポック600,試行回数2)"
5.933359,-1.7296482,"(エポック600,試行回数2)"
6.0696306,-1.5383644,"(エポック600,試行回数2)"
6.2005396,-1.3456726,"(エポック600,試行回数2)"
6.3262196,-1.1516654,"(エポック600,試行回数2)"
6.4467993,-0.9564038,"(エポック600,試行回数2)"
6.5624022,-0.7599451,"(エポック600,試行回数2)"
6.673138,-0.56234,"(エポック600,試行回数2)"
6.7790923,-0.36362997,"(エポック600,試行回数2)"
6.880329,-0.16384271,"(エポック600,試行回数2)"
6.97689,0.037003532,"(エポック600,試行回数2)"
7.06878,0.238897,"(エポック600,試行回数2)"
7.155987,0.44183677,"(エポック600,試行回数2)"
7.238459,0.64583737,"(エポック600,試行回数2)"
7.3161373,0.8509181,"(エポック600,試行回数2)"
7.388952,1.0570992,"(エポック600,試行回数2)"
7.456821,1.2644045,"(エポック600,試行回数2)"
7.5197005,1.4728531,"(エポック600,試行回数2)"
7.5775685,1.6824552,"(エポック600,試行回数2)"
7.630444,1.893197,"(エポック600,試行回数2)"
7.6783934,2.1050456,"(エポック600,試行回数2)"
7.721551,2.3179514,"(エポック600,試行回数2)"
7.7600217,2.5318377,"(エポック600,試行回数2)"
7.793999,2.7466,"(エポック600,試行回数2)"
7.8236547,2.9621177,"(エポック600,試行回数2)"
7.849153,3.1782634,"(エポック600,試行回数2)"
7.87065,3.3948908,"(エポック600,試行回数2)"
7.888298,3.6118505,"(エポック600,試行回数2)"
7.9021845,3.8289843,"(エポック600,試行回数2)"
7.9123907,4.0461483,"(エポック600,試行回数2)"
7.9189644,4.2632003,"(エポック600,試行回数2)"
7.9219284,4.48001,"(エポック600,試行回数2)"
7.921271,4.696461,"(エポック600,試行回数2)"
7.916974,4.912442,"(エポック600,試行回数2)"
7.908986,5.1278634,"(エポック600,試行回数2)"
7.89724,5.342645,"(エポック600,試行回数2)"
7.8816547,5.5567207,"(エポック600,試行回数2)"
7.862135,5.770033,"(エポック600,試行回数2)"
7.838575,5.982531,"(エポック600,試行回数2)"
7.8108673,6.194183,"(エポック600,試行回数2)"
7.778884,6.4049277,"(エポック600,試行回数2)"
7.7425275,6.6147375,"(エポック600,試行回数2)"
7.701714,6.8235598,"(エポック600,試行回数2)"
7.6563787,7.0313525,"(エポック600,試行回数2)"
7.6064777,7.238063,"(エポック600,試行回数2)"
7.551996,7.4436274,"(エポック600,試行回数2)"
7.492903,7.6479926,"(エポック600,試行回数2)"
7.4291863,7.851084,"(エポック600,試行回数2)"
7.360811,8.052825,"(エポック600,試行回数2)"
7.2877173,8.2531395,"(エポック600,試行回数2)"
7.2098274,8.451935,"(エポック600,試行回数2)"
7.1270347,8.649123,"(エポック600,試行回数2)"
7.0392275,8.844593,"(エポック600,試行回数2)"
6.9462576,9.038294,"(エポック600,試行回数2)"
6.8479805,9.2301235,"(エポック600,試行回数2)"
6.7442856,9.420005,"(エポック600,試行回数2)"
6.635107,9.607859,"(エポック600,試行回数2)"
6.520424,9.793616,"(エポック600,試行回数2)"
6.400272,9.9772,"(エポック600,試行回数2)"
6.274716,10.1585865,"(エポック600,試行回数2)"
6.1439443,10.337647,"(エポック600,試行回数2)"
6.008177,10.514338,"(エポック600,試行回数2)"
5.8676486,10.688591,"(エポック600,試行回数2)"
5.7226114,10.860331,"(エポック600,試行回数2)"
5.5733237,11.02946,"(エポック600,試行回数2)"
5.420011,11.1959095,"(エポック600,試行回数2)"
5.2628493,11.3595705,"(エポック600,試行回数2)"
5.1019535,11.5203285,"(エポック600,試行回数2)"
4.9373684,11.678046,"(エポック600,試行回数2)"
4.7690854,11.832562,"(エポック600,試行回数2)"
4.5970273,11.983721,"(エポック600,試行回数2)"
4.421047,12.13133,"(エポック600,試行回数2)"
4.241002,12.275225,"(エポック600,試行回数2)"
4.05677,12.415257,"(エポック600,試行回数2)"
3.868255,12.551304,"(エポック600,試行回数2)"
3.6754346,12.6833725,"(エポック600,試行回数2)"
3.4783976,12.811502,"(エポック600,試行回数2)"
3.2772985,12.935786,"(エポック600,試行回数2)"
-0.16342117,-0.40995103,"(エポック700,試行回数2)"
-0.110282786,-0.3882585,"(エポック700,試行回数2)"
-0.057294738,-0.36191604,"(エポック700,試行回数2)"
-0.0048404927,-0.33092314,"(エポック700,試行回数2)"
0.046688817,-0.2953179,"(エポック700,試行回数2)"
0.09689918,-0.25517803,"(エポック700,試行回数2)"
0.14539851,-0.2106186,"(エポック700,試行回数2)"
0.1918013,-0.16179043,"(エポック700,試行回数2)"
0.23573269,-0.108877726,"(エポック700,試行回数2)"
0.27683246,-0.05209502,"(エポック700,試行回数2)"
0.31475842,0.008316237,"(エポック700,試行回数2)"
0.34918833,0.07209119,"(エポック700,試行回数2)"
0.37982267,0.13894472,"(エポック700,試行回数2)"
0.40638542,0.20857485,"(エポック700,試行回数2)"
0.428626,0.28066602,"(エポック700,試行回数2)"
0.44631746,0.35489026,"(エポック700,試行回数2)"
0.45925975,0.43091223,"(エポック700,試行回数2)"
0.46727648,0.50838864,"(エポック700,試行回数2)"
0.4702159,0.5869714,"(エポック700,試行回数2)"
0.46794873,0.6663074,"(エポック700,試行回数2)"
0.4603699,0.7460419,"(エポック700,試行回数2)"
0.4473946,0.82581663,"(エポック700,試行回数2)"
0.42895952,0.90527254,"(エポック700,試行回数2)"
0.40502113,0.98404855,"(エポック700,試行回数2)"
0.37555397,1.0617864,"(エポック700,試行回数2)"
0.34055293,1.1381207,"(エポック700,試行回数2)"
0.30003014,1.2126933,"(エポック700,試行回数2)"
0.254016,1.2851392,"(エポック700,試行回数2)"
0.20256037,1.3551022,"(エポック700,試行回数2)"
0.14573148,1.4222214,"(エポック700,試行回数2)"
0.083618835,1.4861387,"(エポック700,試行回数2)"
0.016333178,1.5465056,"(エポック700,試行回数2)"
-0.055991143,1.6029735,"(エポック700,試行回数2)"
-0.1331941,1.6552035,"(エポック700,試行回数2)"
-0.21508911,1.7028565,"(エポック700,試行回数2)"
-0.30146056,1.7456129,"(エポック700,試行回数2)"
-0.39206234,1.7831637,"(エポック700,試行回数2)"
-0.48661843,1.8151977,"(エポック700,試行回数2)"
-0.5848215,1.8414234,"(エポック700,試行回数2)"
-0.6863329,1.8615578,"(エポック700,試行回数2)"
-0.7907851,1.875325,"(エポック700,試行回数2)"
-0.8977809,1.8824619,"(エポック700,試行回数2)"
-1.0069001,1.8827051,"(エポック700,試行回数2)"
-1.1176968,1.8758035,"(エポック700,試行回数2)"
-1.2297062,1.8615018,"(エポック700,試行回数2)"
-1.3424461,1.8395729,"(エポック700,試行回数2)"
-1.4554234,1.8097892,"(エポック700,試行回数2)"
-1.568141,1.7719389,"(エポック700,試行回数2)"
-1.6800942,1.7258441,"(エポック700,試行回数2)"
-1.7907875,1.6713568,"(エポック700,試行回数2)"
-1.8997372,1.6083685,"(エポック700,試行回数2)"
-2.006475,1.5368252,"(エポック700,試行回数2)"
-2.1105602,1.4567319,"(エポック700,試行回数2)"
-2.2115734,1.3681563,"(エポック700,試行回数2)"
-2.3091311,1.2712338,"(エポック700,試行回数2)"
-2.4028814,1.1661654,"(エポック700,試行回数2)"
-2.492511,1.0532134,"(エポック700,試行回数2)"
-2.5777402,0.9326959,"(エポック700,試行回数2)"
-2.6583128,0.8049762,"(エポック700,試行回数2)"
-2.7340152,0.67045856,"(エポック700,試行回数2)"
-2.8046503,0.5295719,"(エポック700,試行回数2)"
-2.870037,0.3827679,"(エポック700,試行回数2)"
-2.930008,0.23050773,"(エポック700,試行回数2)"
-2.9843955,0.07325742,"(エポック700,試行回数2)"
-3.033029,-0.088519715,"(エポック700,試行回数2)"
-3.0757303,-0.2543662,"(エポック700,試行回数2)"
-3.1122873,-0.42383352,"(エポック700,試行回数2)"
-3.1424708,-0.5964844,"(エポック700,試行回数2)"
-3.1660225,-0.7718954,"(エポック700,試行回数2)"
-3.182643,-0.9496489,"(エポック700,試行回数2)"
-3.192015,-1.1293384,"(エポック700,試行回数2)"
-3.1937885,-1.3105627,"(エポック700,試行回数2)"
-3.1876044,-1.4929212,"(エポック700,試行回数2)"
-3.1731012,-1.6760068,"(エポック700,試行回数2)"
-3.1499307,-1.8594065,"(エポック700,試行回数2)"
-3.1177564,-2.0426934,"(エポック700,試行回数2)"
-3.076269,-2.2254207,"(エポック700,試行回数2)"
-3.025184,-2.4071176,"(エポック700,試行回数2)"
-2.9642222,-2.5872996,"(エポック700,試行回数2)"
-2.8931088,-2.76545,"(エポック700,試行回数2)"
-2.81156,-2.9410179,"(エポック700,試行回数2)"
-2.719275,-3.1134357,"(エポック700,試行回数2)"
-2.6159449,-3.2820983,"(エポック700,試行回数2)"
-2.5012794,-3.446371,"(エポック700,試行回数2)"
-2.375014,-3.6056151,"(エポック700,試行回数2)"
-2.2369664,-3.7591476,"(エポック700,試行回数2)"
-2.087055,-3.906317,"(エポック700,試行回数2)"
-1.9253279,-4.046472,"(エポック700,試行回数2)"
-1.7519941,-4.179004,"(エポック700,試行回数2)"
-1.5674027,-4.303331,"(エポック700,試行回数2)"
-1.3720616,-4.4188623,"(エポック700,試行回数2)"
-1.1665894,-4.525085,"(エポック700,試行回数2)"
-0.95171046,-4.621435,"(エポック700,試行回数2)"
-0.72820795,-4.7073536,"(エポック700,試行回数2)"
-0.49692404,-4.7822638,"(エポック700,試行回数2)"
-0.2587181,-4.8455834,"(エポック700,試行回数2)"
-0.014480732,-4.8967094,"(エポック700,試行回数2)"
0.23489255,-4.9350667,"(エポック700,試行回数2)"
0.4884911,-4.960059,"(エポック700,試行回数2)"
0.74541485,-4.9711113,"(エポック700,試行回数2)"
1.0047593,-4.9676557,"(エポック700,試行回数2)"
1.2656282,-4.9491744,"(エポック700,試行回数2)"
1.5271008,-4.915275,"(エポック700,試行回数2)"
1.7882463,-4.865737,"(エポック700,試行回数2)"
2.0480866,-4.8006406,"(エポック700,試行回数2)"
2.3056567,-4.7204146,"(エポック700,試行回数2)"
2.5599988,-4.625854,"(エポック700,試行回数2)"
2.8102386,-4.51805,"(エポック700,試行回数2)"
3.0556078,-4.3982916,"(エポック700,試行回数2)"
3.2954655,-4.2679305,"(エポック700,試行回数2)"
3.5292823,-4.128307,"(エポック700,試行回数2)"
3.7566113,-3.9806502,"(エポック700,試行回数2)"
3.9770746,-3.8260527,"(エポック700,試行回数2)"
4.1903896,-3.6654503,"(エポック700,試行回数2)"
4.3963547,-3.499643,"(エポック700,試行回数2)"
4.5949054,-3.3293064,"(エポック700,試行回数2)"
4.786101,-3.1550243,"(エポック700,試行回数2)"
4.970092,-2.9772832,"(エポック700,試行回数2)"
5.147109,-2.7965107,"(エポック700,試行回数2)"
5.317397,-2.6130788,"(エポック700,試行回数2)"
5.4812016,-2.4273026,"(エポック700,試行回数2)"
5.638754,-2.2394376,"(エポック700,試行回数2)"
5.790274,-2.0497162,"(エポック700,試行回数2)"
5.9359446,-1.8583124,"(エポック700,試行回数2)"
6.075939,-1.6653731,"(エポック700,試行回数2)"
6.2104216,-1.4710126,"(エポック700,試行回数2)"
6.3395405,-1.2753317,"(エポック700,試行回数2)"
6.463418,-1.0783991,"(エポック700,試行回数2)"
6.582189,-0.8802768,"(エポック700,試行回数2)"
6.695965,-0.68101937,"(エポック700,試行回数2)"
6.8048363,-0.48067203,"(エポック700,試行回数2)"
6.90889,-0.2792681,"(エポック700,試行回数2)"
7.008164,-0.076829955,"(エポック700,試行回数2)"
7.102682,0.12662432,"(エポック700,試行回数2)"
7.1924334,0.3310871,"(エポック700,試行回数2)"
7.277382,0.5365643,"(エポック700,試行回数2)"
7.357467,0.74307233,"(エポック700,試行回数2)"
7.432607,0.95062745,"(エポック700,試行回数2)"
7.5027137,1.1592548,"(エポック700,試行回数2)"
7.567719,1.3689771,"(エポック700,試行回数2)"
7.6275854,1.5798087,"(エポック700,試行回数2)"
7.6822977,1.7917514,"(エポック700,試行回数2)"
7.731894,2.0047925,"(エポック700,試行回数2)"
7.77647,2.2188978,"(エポック700,試行回数2)"
7.816157,2.4340148,"(エポック700,試行回数2)"
7.8511086,2.650064,"(エポック700,試行回数2)"
7.881506,2.8669457,"(エポック700,試行回数2)"
7.907551,3.0845525,"(エポック700,試行回数2)"
7.9294004,3.302744,"(エポック700,試行回数2)"
7.947213,3.5213778,"(エポック700,試行回数2)"
7.961111,3.7403104,"(エポック700,試行回数2)"
7.9711847,3.9593964,"(エポック700,試行回数2)"
7.97749,4.178495,"(エポック700,試行回数2)"
7.9800587,4.3974433,"(エポック700,試行回数2)"
7.978877,4.616117,"(エポック700,試行回数2)"
7.973916,4.834395,"(エポック700,試行回数2)"
7.9651213,5.0521674,"(エポック700,試行回数2)"
7.952417,5.2693343,"(エポック700,試行回数2)"
7.93571,5.4858055,"(エポック700,試行回数2)"
7.9148884,5.7015214,"(エポック700,試行回数2)"
7.889828,5.916417,"(エポック700,試行回数2)"
7.860405,6.1304336,"(エポック700,試行回数2)"
7.8265085,6.343521,"(エポック700,試行回数2)"
7.7880435,6.555634,"(エポック700,試行回数2)"
7.744933,6.766715,"(エポック700,試行回数2)"
7.697116,6.9767294,"(エポック700,試行回数2)"
7.644553,7.185609,"(エポック700,試行回数2)"
7.5872517,7.3933053,"(エポック700,試行回数2)"
7.5251985,7.5997453,"(エポック700,試行回数2)"
7.458365,7.8048644,"(エポック700,試行回数2)"
7.386702,8.008586,"(エポック700,試行回数2)"
7.3101444,8.210834,"(エポック700,試行回数2)"
7.2286215,8.411495,"(エポック700,試行回数2)"
7.142004,8.610521,"(エポック700,試行回数2)"
7.0501432,8.807816,"(エポック700,試行回数2)"
6.952909,9.003289,"(エポック700,試行回数2)"
6.8501873,9.196872,"(エポック700,試行回数2)"
6.741886,9.388494,"(エポック700,試行回数2)"
6.6279345,9.578062,"(エポック700,試行回数2)"
6.5083466,9.765554,"(エポック700,試行回数2)"
6.383209,9.950891,"(エポック700,試行回数2)"
6.2526627,10.134012,"(エポック700,試行回数2)"
6.1169057,10.314856,"(エポック700,試行回数2)"
5.9761934,10.493348,"(エポック700,試行回数2)"
5.8308034,10.66941,"(エポック700,試行回数2)"
5.6810107,10.842951,"(エポック700,試行回数2)"
5.5270534,11.013868,"(エポック700,試行回数2)"
5.3691335,11.18203,"(エポック700,試行回数2)"
5.2074003,11.347303,"(エポック700,試行回数2)"
5.041925,11.509525,"(エポック700,試行回数2)"
4.872708,11.668515,"(エポック700,試行回数2)"
4.699701,11.824078,"(エポック700,試行回数2)"
4.5227947,11.976031,"(エポック700,試行回数2)"
4.3418455,12.12416,"(エポック700,試行回数2)"
4.1567163,12.268306,"(エポック700,試行回数2)"
3.9673293,12.408358,"(エポック700,試行回数2)"
3.7736783,12.544282,"(エポック700,試行回数2)"
3.5758283,12.676108,"(エポック700,試行回数2)"
3.373934,12.803944,"(エポック700,試行回数2)"
3.1682377,12.927953,"(エポック700,試行回数2)"
-0.16342117,-0.40995103,"(エポック800,試行回数2)"
-0.10981049,-0.38728288,"(エポック800,試行回数2)"
-0.05639039,-0.3599409,"(エポック800,試行回数2)"
-0.0035491711,-0.3279358,"(エポック800,試行回数2)"
0.048317898,-0.29131693,"(エポック800,試行回数2)"
0.09881315,-0.25017425,"(エポック800,試行回数2)"
0.14754146,-0.20463552,"(エポック800,試行回数2)"
0.19411515,-0.1548648,"(エポック800,試行回数2)"
0.23815858,-0.10105921,"(エポック800,試行回数2)"
0.27931055,-0.043445934,"(エポック800,試行回数2)"
0.31723002,0.017721206,"(エポック800,試行回数2)"
0.35159594,0.0821657,"(エポック800,試行回数2)"
0.3821119,0.1495915,"(エポック800,試行回数2)"
0.40850574,0.21968691,"(エポック800,試行回数2)"
0.43053052,0.2921272,"(エポック800,試行回数2)"
0.44796744,0.36657736,"(エポック800,試行回数2)"
0.46061984,0.44269505,"(エポック800,試行回数2)"
0.46832004,0.52013195,"(エポック800,試行回数2)"
0.47092274,0.5985359,"(エポック800,試行回数2)"
0.4683078,0.6775524,"(エポック800,試行回数2)"
0.46037778,0.75682485,"(エポック800,試行回数2)"
0.44705614,0.8359953,"(エポック800,試行回数2)"
0.42828864,0.91470736,"(エポック800,試行回数2)"
0.40404102,0.9926037,"(エポック800,試行回数2)"
0.37429664,1.0693281,"(エポック800,試行回数2)"
0.33905822,1.1445256,"(エポック800,試行回数2)"
0.2983472,1.2178428,"(エポック800,試行回数2)"
0.252202,1.2889278,"(エポック800,試行回数2)"
0.2006806,1.3574314,"(エポック800,試行回数2)"
0.14385886,1.4230058,"(エポック800,試行回数2)"
0.08183339,1.4853168,"(エポック800,試行回数2)"
0.014720686,1.5440197,"(エポック800,試行回数2)"
-0.057338625,1.5987889,"(エポック800,試行回数2)"
-0.13418183,1.649302,"(エポック800,試行回数2)"
-0.21561898,1.6952385,"(エポック800,試行回数2)"
-0.30143428,1.7363006,"(エポック800,試行回数2)"
-0.3913844,1.772195,"(エポック800,試行回数2)"
-0.48519573,1.8026348,"(エポック800,試行回数2)"
-0.5825688,1.8273437,"(エポック800,試行回数2)"
-0.6831734,1.8460603,"(エポック800,試行回数2)"
-0.78665394,1.8585255,"(エポック800,試行回数2)"
-0.892627,1.8644894,"(エポック800,試行回数2)"
-1.0006884,1.8637036,"(エポック800,試行回数2)"
-1.1104103,1.855932,"(エポック800,試行回数2)"
-1.2213459,1.8409324,"(エポック800,試行回数2)"
-1.3330339,1.8184752,"(エポック800,試行回数2)"
-1.4449968,1.7883373,"(エポック800,試行回数2)"
-1.5567559,1.7503119,"(エポック800,試行回数2)"
-1.6678255,1.7042098,"(エポック800,試行回数2)"
-1.7777191,1.6498663,"(エポック800,試行回数2)"
-1.8859667,1.5871624,"(エポック800,試行回数2)"
-1.9921057,1.5160176,"(エポック800,試行回数2)"
-2.0956962,1.4364107,"(エポック800,試行回数2)"
-2.1963203,1.3483764,"(エポック800,試行回数2)"
-2.2935894,1.2520175,"(エポック800,試行回数2)"
-2.387151,1.1474988,"(エポック800,試行回数2)"
-2.4766765,1.0350559,"(エポック800,試行回数2)"
-2.561877,0.9149781,"(エポック800,試行回数2)"
-2.6424875,0.78760856,"(エポック800,試行回数2)"
-2.7182794,0.65333235,"(エポック800,試行回数2)"
-2.7890422,0.5125715,"(エポック800,試行回数2)"
-2.8545804,0.3657714,"(エポック800,試行回数2)"
-2.9147122,0.21339525,"(エポック800,試行回数2)"
-2.969242,0.05591361,"(エポック800,試行回数2)"
-3.0179944,-0.106199205,"(エポック800,試行回数2)"
-3.0607638,-0.27247348,"(エポック800,試行回数2)"
-3.0973184,-0.44244593,"(エポック800,試行回数2)"
-3.1274097,-0.61566216,"(エポック800,試行回数2)"
-3.150749,-0.79167795,"(エポック800,試行回数2)"
-3.167029,-0.9700594,"(エポック800,試行回数2)"
-3.1758957,-1.150377,"(エポック800,試行回数2)"
-3.1769855,-1.3322071,"(エポック800,試行回数2)"
-3.169921,-1.5151241,"(エポック800,試行回数2)"
-3.1543238,-1.6986997,"(エポック800,試行回数2)"
-3.1298296,-1.8824955,"(エポック800,試行回数2)"
-3.0960968,-2.0660582,"(エポック800,試行回数2)"
-3.0528016,-2.2489195,"(エポック800,試行回数2)"
-2.9996579,-2.4305851,"(エポック800,試行回数2)"
-2.9363813,-2.6105447,"(エポック800,試行回数2)"
-2.862696,-2.7882578,"(エポック800,試行回数2)"
-2.7783165,-2.9631612,"(エポック800,試行回数2)"
-2.6829555,-3.1346626,"(エポック800,試行回数2)"
-2.5763364,-3.302149,"(エポック800,試行回数2)"
-2.4581988,-3.4649625,"(エポック800,試行回数2)"
-2.3283544,-3.6224685,"(エポック800,試行回数2)"
-2.186699,-3.7740028,"(エポック800,試行回数2)"
-2.0332413,-3.9189224,"(エポック800,試行回数2)"
-1.8681324,-4.056609,"(エポック800,試行回数2)"
-1.691668,-4.186472,"(エポック800,試行回数2)"
-1.5042738,-4.307945,"(エポック800,試行回数2)"
-1.3065171,-4.420477,"(エポック800,試行回数2)"
-1.0990515,-4.5235205,"(エポック800,試行回数2)"
-0.8826094,-4.6164885,"(エポック800,試行回数2)"
-0.65797096,-4.69881,"(エポック800,試行回数2)"
-0.42595088,-4.7698655,"(エポック800,試行回数2)"
-0.18737575,-4.8290415,"(エポック800,試行回数2)"
0.05690353,-4.8756876,"(エポック800,試行回数2)"
0.30603787,-4.9091754,"(エポック800,試行回数2)"
0.55916494,-4.9288864,"(エポック800,試行回数2)"
0.8154329,-4.9341803,"(エポック800,試行回数2)"
1.07398,-4.9244666,"(エポック800,試行回数2)"
1.3339505,-4.899245,"(エポック800,試行回数2)"
1.594447,-4.8580756,"(エポック800,試行回数2)"
1.8545513,-4.800813,"(エポック800,試行回数2)"
2.1132967,-4.727618,"(エポック800,試行回数2)"
2.3697095,-4.63903,"(エポック800,試行回数2)"
2.6228347,-4.5359697,"(エポック800,試行回数2)"
2.8718123,-4.4196415,"(エポック800,試行回数2)"
3.1158674,-4.2914324,"(エポック800,試行回数2)"
3.3543668,-4.152779,"(エポック800,試行回数2)"
3.5867589,-4.005057,"(エポック800,試行回数2)"
3.8125806,-3.849502,"(エポック800,試行回数2)"
4.0314264,-3.68725,"(エポック800,試行回数2)"
4.2429934,-3.5192428,"(エポック800,試行回数2)"
4.4470844,-3.346312,"(エポック800,試行回数2)"
4.643645,-3.169127,"(エポック800,試行回数2)"
4.8327594,-2.988273,"(エポック800,試行回数2)"
5.014598,-2.804249,"(エポック800,試行回数2)"
5.189382,-2.6174784,"(エポック800,試行回数2)"
5.357404,-2.428296,"(エポック800,試行回数2)"
5.5189075,-2.2369976,"(エポック800,試行回数2)"
5.674126,-2.0438237,"(エポック800,試行回数2)"
5.8232603,-1.8489704,"(エポック800,試行回数2)"
5.9665074,-1.6525972,"(エポック800,試行回数2)"
6.104034,-1.4548244,"(エポック800,試行回数2)"
6.235996,-1.2557491,"(エポック800,試行回数2)"
6.3625298,-1.0554616,"(エポック800,試行回数2)"
6.48377,-0.8540236,"(エポック800,試行回数2)"
6.599824,-0.6514824,"(エポック800,試行回数2)"
6.710787,-0.44788498,"(エポック800,試行回数2)"
6.816729,-0.24326754,"(エポック800,試行回数2)"
6.917693,-0.037653286,"(エポック800,試行回数2)"
7.0136924,0.16894382,"(エポック800,試行回数2)"
7.1047153,0.37651548,"(エポック800,試行回数2)"
7.190706,0.58506143,"(エポック800,試行回数2)"
7.2715955,0.79459554,"(エポック800,試行回数2)"
7.347313,1.0051323,"(エポック800,試行回数2)"
7.4177914,1.2166828,"(エポック800,試行回数2)"
7.4829607,1.4292587,"(エポック800,試行回数2)"
7.5428057,1.642865,"(エポック800,試行回数2)"
7.5973525,1.8574946,"(エポック800,試行回数2)"
7.6466713,2.0731184,"(エポック800,試行回数2)"
7.6908765,2.2896893,"(エポック800,試行回数2)"
7.7301264,2.5071442,"(エポック800,試行回数2)"
7.764583,2.725406,"(エポック800,試行回数2)"
7.794471,2.9443653,"(エポック800,試行回数2)"
7.819961,3.1639047,"(エポック800,試行回数2)"
7.84121,3.3839006,"(エポック800,試行回数2)"
7.8583493,3.6042125,"(エポック800,試行回数2)"
7.8714867,3.8246875,"(エポック800,試行回数2)"
7.880679,4.045184,"(エポック800,試行回数2)"
7.8859515,4.2655516,"(エポック800,試行回数2)"
7.887297,4.485645,"(エポック800,試行回数2)"
7.884682,4.7053294,"(エポック800,試行回数2)"
7.878049,4.924483,"(エポック800,試行回数2)"
7.8673105,5.143011,"(エポック800,試行回数2)"
7.8523707,5.360789,"(エポック800,試行回数2)"
7.8331084,5.577741,"(エポック800,試行回数2)"
7.8094087,5.7937956,"(エポック800,試行回数2)"
7.7811646,6.008888,"(エポック800,試行回数2)"
7.748284,6.2229533,"(エポック800,試行回数2)"
7.7106714,6.4359455,"(エポック800,試行回数2)"
7.668278,6.6478,"(エポック800,試行回数2)"
7.62108,6.858473,"(エポック800,試行回数2)"
7.5690746,7.0678973,"(エポック800,試行回数2)"
7.5122514,7.2760177,"(エポック800,試行回数2)"
7.4505997,7.482768,"(エポック800,試行回数2)"
7.3841166,7.6880665,"(エポック800,試行回数2)"
7.3127513,7.8918533,"(エポック800,試行回数2)"
7.236422,8.094042,"(エポック800,試行回数2)"
7.15502,8.29455,"(エポック800,試行回数2)"
7.068425,8.493307,"(エポック800,試行回数2)"
6.976505,8.690226,"(エポック800,試行回数2)"
6.879111,8.885235,"(エポック800,試行回数2)"
6.776121,9.078272,"(エポック800,試行回数2)"
6.667448,9.269271,"(エポック800,試行回数2)"
6.5530577,9.4581785,"(エポック800,試行回数2)"
6.432981,9.6449375,"(エポック800,試行回数2)"
6.307321,9.829492,"(エポック800,試行回数2)"
6.176256,10.011801,"(エポック800,試行回数2)"
6.0399895,10.191778,"(エポック800,試行回数2)"
5.898804,10.36936,"(エポック800,試行回数2)"
5.752972,10.544459,"(エポック800,試行回数2)"
5.602748,10.716962,"(エポック800,試行回数2)"
5.448359,10.886744,"(エポック800,試行回数2)"
5.2899814,11.0536785,"(エポック800,試行回数2)"
5.1277404,11.2175665,"(エポック800,試行回数2)"
4.9616785,11.378223,"(エポック800,試行回数2)"
4.7917757,11.535448,"(エポック800,試行回数2)"
4.61797,11.689033,"(エポック800,試行回数2)"
4.440127,11.838766,"(エポック800,試行回数2)"
4.2581367,11.984457,"(エポック800,試行回数2)"
4.07192,12.125982,"(エポック800,試行回数2)"
3.8814702,12.263287,"(エポック800,試行回数2)"
3.6868327,12.3964205,"(エポック800,試行回数2)"
3.4881706,12.525421,"(エポック800,試行回数2)"
3.2856948,12.650464,"(エポック800,試行回数2)"
3.0796292,12.7717085,"(エポック800,試行回数2)"
2.870197,12.889308,"(エポック800,試行回数2)"
2.6576374,13.003408,"(エポック800,試行回数2)"
-0.16342117,-0.40995103,"(エポック900,試行回数2)"
-0.10929641,-0.38644317,"(エポック900,試行回数2)"
-0.055390373,-0.35826135,"(エポック900,試行回数2)"
-0.0020941363,-0.3254226,"(エポック900,試行回数2)"
0.05019376,-0.28798577,"(エポック900,試行回数2)"
0.10107276,-0.24604854,"(エポック900,試行回数2)"
0.150145,-0.1997471,"(エポック900,試行回数2)"
0.19702038,-0.14925337,"(エポック900,試行回数2)"
0.24132027,-0.09477262,"(エポック900,試行回数2)"
0.28268248,-0.036539156,"(エポック900,試行回数2)"
0.3207638,0.025186224,"(エポック900,試行回数2)"
0.35524344,0.09012053,"(エポック900,試行回数2)"
0.38582346,0.15796223,"(エポック900,試行回数2)"
0.41223326,0.22839478,"(エポック900,試行回数2)"
0.43422642,0.30108935,"(エポック900,試行回数2)"
0.45158467,0.37570682,"(エポック900,試行回数2)"
0.46411547,0.45190328,"(エポック900,試行回数2)"
0.47165272,0.5293272,"(エポック900,試行回数2)"
0.4740554,0.60762656,"(エポック900,試行回数2)"
0.4712069,0.6864454,"(エポック900,試行回数2)"
0.46301436,0.7654274,"(エポック900,試行回数2)"
0.44940707,0.84421796,"(エポック900,試行回数2)"
0.4303355,0.9224597,"(エポック900,試行回数2)"
0.40577117,0.99980074,"(エポック900,試行回数2)"
0.37570426,1.0758876,"(エポック900,試行回数2)"
0.34014422,1.1503685,"(エポック900,試行回数2)"
0.2991194,1.2228978,"(エポック900,試行回数2)"
0.2526763,1.2931293,"(エポック900,試行回数2)"
0.20087926,1.3607261,"(エポック900,試行回数2)"
0.14381321,1.425346,"(エポック900,試行回数2)"
0.08158196,1.4866647,"(エポック900,試行回数2)"
0.014309926,1.5443518,"(エポック900,試行回数2)"
-0.057855975,1.5980947,"(エポック900,試行回数2)"
-0.13474594,1.6475828,"(エポック900,試行回数2)"
-0.21616559,1.6925182,"(エポック900,試行回数2)"
-0.30189514,1.7326131,"(エポック900,試行回数2)"
-0.39168894,1.7675887,"(エポック900,試行回数2)"
-0.48527467,1.7971808,"(エポック900,試行回数2)"
-0.58235455,1.8211277,"(エポック900,試行回数2)"
-0.6826039,1.8391858,"(エポック900,試行回数2)"
-0.7856744,1.8511127,"(エポック900,試行回数2)"
-0.8911969,1.8566749,"(エポック900,試行回数2)"
-0.9987759,1.8556406,"(エポック900,試行回数2)"
-1.1080004,1.8477832,"(エポック900,試行回数2)"
-1.2184405,1.8328757,"(エポック900,試行回数2)"
-1.3296529,1.8106983,"(エポック900,試行回数2)"
-1.441182,1.7810334,"(エポック900,試行回数2)"
-1.5525665,1.7436765,"(エポック900,試行回数2)"
-1.663338,1.6984314,"(エポック900,試行回数2)"
-1.7730312,1.645128,"(エポック900,試行回数2)"
-1.8811864,1.5836233,"(エポック900,試行回数2)"
-1.9873548,1.5138144,"(エポック900,試行回数2)"
-2.091104,1.4356445,"(エポック900,試行回数2)"
-2.1920135,1.3491176,"(エポック900,試行回数2)"
-2.2897034,1.2542872,"(エポック900,試行回数2)"
-2.3838096,1.1512806,"(エポック900,試行回数2)"
-2.4739983,1.0402886,"(エポック900,試行回数2)"
-2.5599673,0.92156327,"(エポック900,試行回数2)"
-2.6414382,0.7954179,"(エポック900,試行回数2)"
-2.7181652,0.66221327,"(エポック900,試行回数2)"
-2.7899168,0.5223544,"(エポック900,試行回数2)"
-2.8564827,0.3762782,"(エポック900,試行回数2)"
-2.9176583,0.22444713,"(エポック900,試行回数2)"
-2.973242,0.06733522,"(エポック900,試行回数2)"
-3.0230286,-0.094574325,"(エポック900,試行回数2)"
-3.0668027,-0.2607999,"(エポック900,試行回数2)"
-3.1043205,-0.43086413,"(エポック900,試行回数2)"
-3.135317,-0.60429776,"(エポック900,試行回数2)"
-3.1595042,-0.7806412,"(エポック900,試行回数2)"
-3.1765478,-0.95944417,"(エポック900,試行回数2)"
-3.1860936,-1.1402621,"(エポック900,試行回数2)"
-3.1877658,-1.3226578,"(エポック900,試行回数2)"
-3.1811726,-1.5061928,"(エポック900,試行回数2)"
-3.1659262,-1.6904238,"(エポック900,試行回数2)"
-3.141647,-1.8749064,"(エポック900,試行回数2)"
-3.1079834,-2.0591695,"(エポック900,試行回数2)"
-3.0646083,-2.2427337,"(エポック900,試行回数2)"
-3.0112207,-2.425092,"(エポック900,試行回数2)"
-2.9475386,-2.605729,"(エポック900,試行回数2)"
-2.873289,-2.7840948,"(エポック900,試行回数2)"
-2.7882075,-2.959621,"(エポック900,試行回数2)"
-2.692025,-3.1317077,"(エポック900,試行回数2)"
-2.5844905,-3.29974,"(エポック900,試行回数2)"
-2.465402,-3.463083,"(エポック900,試行回数2)"
-2.3346107,-3.621088,"(エポック900,試行回数2)"
-2.1920772,-3.7731278,"(エポック900,試行回数2)"
-2.0378754,-3.9185839,"(エポック900,試行回数2)"
-1.8722154,-4.056861,"(エポック900,試行回数2)"
-1.6954439,-4.187399,"(エポック900,試行回数2)"
-1.5080285,-4.3096585,"(エポック900,試行回数2)"
-1.3105491,-4.423108,"(エポック900,試行回数2)"
-1.1036658,-4.527201,"(エポック900,試行回数2)"
-0.88809663,-4.621367,"(エポック900,試行回数2)"
-0.6645969,-4.705027,"(エポック900,試行回数2)"
-0.43393466,-4.7775373,"(エポック900,試行回数2)"
-0.19689207,-4.8382697,"(エポック900,試行回数2)"
0.04573484,-4.886568,"(エポック900,試行回数2)"
0.293154,-4.9217873,"(エポック900,試行回数2)"
0.5445637,-4.9432707,"(エポック900,試行回数2)"
0.7991756,-4.9503956,"(エポック900,試行回数2)"
1.0561963,-4.942537,"(エポック900,試行回数2)"
1.3148324,-4.9191384,"(エポック900,試行回数2)"
1.5742644,-4.8797436,"(エポック900,試行回数2)"
1.833634,-4.8240986,"(エポック900,試行回数2)"
2.0920284,-4.7522745,"(エポック900,試行回数2)"
2.348503,-4.6646976,"(エポック900,試行回数2)"
2.6021016,-4.5622168,"(エポック900,試行回数2)"
2.8519268,-4.445986,"(エポック900,試行回数2)"
3.0971575,-4.3173842,"(エポック900,試行回数2)"
3.337099,-4.1778803,"(エポック900,試行回数2)"
3.5711405,-4.0289097,"(エポック900,試行回数2)"
3.798763,-3.8717864,"(エポック900,試行回数2)"
4.0195074,-3.707708,"(エポック900,試行回数2)"
4.233005,-3.5376894,"(エポック900,試行回数2)"
4.4390044,-3.3626122,"(エポック900,試行回数2)"
4.637403,-3.183226,"(エポック900,試行回数2)"
4.8282146,-3.0001395,"(エポック900,試行回数2)"
5.0115943,-2.8138785,"(エポック900,試行回数2)"
5.187763,-2.624875,"(エポック900,試行回数2)"
5.356991,-2.4334946,"(エポック900,試行回数2)"
5.5195312,-2.240022,"(エポック900,試行回数2)"
5.6756353,-2.044702,"(エポック900,試行回数2)"
5.8255224,-1.8477347,"(エポック900,試行回数2)"
5.969386,-1.6492862,"(エポック900,試行回数2)"
6.1074104,-1.4494708,"(エポック900,試行回数2)"
6.2397566,-1.2483861,"(エポック900,試行回数2)"
6.3665648,-1.0461208,"(エポック900,試行回数2)"
6.4879675,-0.8427361,"(エポック900,試行回数2)"
6.604093,-0.6382774,"(エポック900,試行回数2)"
6.7150126,-0.4327922,"(エポック900,試行回数2)"
6.8208036,-0.22631352,"(エポック900,試行回数2)"
6.9215045,-0.018863162,"(エポック900,試行回数2)"
7.017126,0.1895457,"(エポック900,試行回数2)"
7.107645,0.39890483,"(エポック900,試行回数2)"
7.1929874,0.6092131,"(エポック900,試行回数2)"
7.2731156,0.8204831,"(エポック900,試行回数2)"
7.3479257,1.0327306,"(エポック900,試行回数2)"
7.41735,1.2459637,"(エポック900,試行回数2)"
7.4813356,1.4601866,"(エポック900,試行回数2)"
7.5398808,1.6753999,"(エポック900,試行回数2)"
7.5929728,1.8915964,"(エポック900,試行回数2)"
7.640713,2.1087418,"(エポック900,試行回数2)"
7.6832247,2.3267856,"(エポック900,試行回数2)"
7.720664,2.5456629,"(エポック900,試行回数2)"
7.753218,2.765293,"(エポック900,試行回数2)"
7.7810793,2.9855795,"(エポック900,試行回数2)"
7.804443,3.2063954,"(エポック900,試行回数2)"
7.823467,3.427622,"(エポック900,試行回数2)"
7.8382754,3.649122,"(エポック900,試行回数2)"
7.8489575,3.8707485,"(エポック900,試行回数2)"
7.855557,4.092354,"(エポック900,試行回数2)"
7.858103,4.313792,"(エポック900,試行回数2)"
7.8565555,4.5349107,"(エポック900,試行回数2)"
7.8508573,4.755567,"(エポック900,試行回数2)"
7.840931,4.9756346,"(エポック900,試行回数2)"
7.826674,5.194996,"(エポック900,試行回数2)"
7.807964,5.4135413,"(エポック900,試行回数2)"
7.7846665,5.63119,"(エポック900,試行回数2)"
7.756672,5.8478365,"(エポック900,試行回数2)"
7.723863,6.063424,"(エポック900,試行回数2)"
7.6861567,6.277878,"(エポック900,試行回数2)"
7.6434937,6.491132,"(エポック900,試行回数2)"
7.5958385,6.7031245,"(エポック900,試行回数2)"
7.5431843,6.9138145,"(エポック900,試行回数2)"
7.4855227,7.123109,"(エポック900,試行回数2)"
7.422857,7.3309474,"(エポック900,試行回数2)"
7.355167,7.537257,"(エポック900,試行回数2)"
7.282401,7.741965,"(エポック900,試行回数2)"
7.2044873,7.9449844,"(エポック900,試行回数2)"
7.1213226,8.146238,"(エポック900,試行回数2)"
7.032805,8.3456545,"(エポック900,試行回数2)"
6.9387684,8.543152,"(エポック900,試行回数2)"
6.8390775,8.738662,"(エポック900,試行回数2)"
6.733633,8.932125,"(エポック900,試行回数2)"
6.622381,9.123491,"(エポック900,試行回数2)"
6.5053225,9.312706,"(エポック900,試行回数2)"
6.3824906,9.499705,"(エポック900,試行回数2)"
6.254012,9.684477,"(エポック900,試行回数2)"
6.120094,9.86696,"(エポック900,試行回数2)"
5.9809775,10.047098,"(エポック900,試行回数2)"
5.8369293,10.224807,"(エポック900,試行回数2)"
5.688248,10.399985,"(エポック900,試行回数2)"
5.5351667,10.572534,"(エポック900,試行回数2)"
5.377915,10.742292,"(エポック900,試行回数2)"
5.2166414,10.909084,"(エポック900,試行回数2)"
5.051428,11.072709,"(エポック900,試行回数2)"
4.8822894,11.232955,"(エポック900,試行回数2)"
4.709181,11.389561,"(エポック900,試行回数2)"
4.531993,11.542283,"(エポック900,試行回数2)"
4.3506246,11.690911,"(エポック900,試行回数2)"
4.165006,11.835282,"(エポック900,試行回数2)"
3.9750872,11.975309,"(エポック900,試行回数2)"
3.7809482,12.110947,"(エポック900,試行回数2)"
3.5827253,12.24228,"(エポック900,試行回数2)"
3.380608,12.369429,"(エポック900,試行回数2)"
3.174836,12.4925,"(エポック900,試行回数2)"
2.965657,12.611718,"(エポック900,試行回数2)"
2.7532928,12.7272005,"(エポック900,試行回数2)"
2.5379422,12.839062,"(エポック900,試行回数2)"
2.3197932,12.947377,"(エポック900,試行回数2)"
-0.16342117,-0.40995103,"(エポック999,試行回数2)"
-0.10875005,-0.3854745,"(エポック999,試行回数2)"
-0.054386087,-0.35633856,"(エポック999,試行回数2)"
-0.00072356017,-0.3225687,"(エポック999,試行回数2)"
0.05183711,-0.28423184,"(エポック999,試行回数2)"
0.10289373,-0.2414339,"(エポック999,試行回数2)"
0.15204795,-0.1943187,"(エポック999,試行回数2)"
0.19890964,-0.14306524,"(エポック999,試行回数2)"
0.24310149,-0.08788498,"(エポック999,試行回数2)"
0.2842628,-0.029018007,"(エポック999,試行回数2)"
0.32205337,0.03327054,"(エポック999,試行回数2)"
0.35615522,0.09869403,"(エポック999,試行回数2)"
0.38627544,0.16694812,"(エポック999,試行回数2)"
0.4121472,0.23771471,"(エポック999,試行回数2)"
0.43353102,0.3106631,"(エポック999,試行回数2)"
0.45021364,0.38545585,"(エポック999,試行回数2)"
0.46200988,0.46174866,"(エポック999,試行回数2)"
0.46875998,0.53919256,"(エポック999,試行回数2)"
0.470332,0.61743677,"(エポック999,試行回数2)"
0.466616,0.6961296,"(エポック999,試行回数2)"
0.45752686,0.77491677,"(エポック999,試行回数2)"
0.4430029,0.85344875,"(エポック999,試行回数2)"
0.42300397,0.9313747,"(エポック999,試行回数2)"
0.39750892,1.0083469,"(エポック999,試行回数2)"
0.36651814,1.0840191,"(エポック999,試行回数2)"
0.33005014,1.1580492,"(エポック999,試行回数2)"
0.28814256,1.2300991,"(エポック999,試行回数2)"
0.24085093,1.299834,"(エポック999,試行回数2)"
0.18825075,1.3669245,"(エポック999,試行回数2)"
0.13043527,1.4310436,"(エポック999,試行回数2)"
0.067518,1.4918772,"(エポック999,試行回数2)"
-0.00036691217,1.5491172,"(エポック999,試行回数2)"
-0.07306447,1.6024612,"(エポック999,試行回数2)"
-0.15039694,1.6516161,"(エポック999,試行回数2)"
-0.23216331,1.6963042,"(エポック999,試行回数2)"
-0.31813926,1.7362581,"(エポック999,試行回数2)"
-0.40807563,1.7712171,"(エポック999,試行回数2)"
-0.5016999,1.8009355,"(エポック999,試行回数2)"
-0.59871566,1.8251762,"(エポック999,試行回数2)"
-0.69880384,1.8437117,"(エポック999,試行回数2)"
-0.8016242,1.8563207,"(エポック999,試行回数2)"
-0.90681595,1.862787,"(エポック999,試行回数2)"
-1.0140008,1.8628982,"(エポック999,試行回数2)"
-1.1227814,1.8564436,"(エポック999,試行回数2)"
-1.2327492,1.8432122,"(エポック999,試行回数2)"
-1.3434814,1.8229946,"(エポック999,試行回数2)"
-1.4545443,1.7955828,"(エポック999,試行回数2)"
-1.5654999,1.7607739,"(エポック999,試行回数2)"
-1.675905,1.7183719,"(エポック999,試行回数2)"
-1.785315,1.668197,"(エポック999,試行回数2)"
-1.8932947,1.6100897,"(エポック999,試行回数2)"
-1.999414,1.5439183,"(エポック999,試行回数2)"
-2.1032574,1.4695913,"(エポック999,試行回数2)"
-2.2044172,1.3870587,"(エポック999,試行回数2)"
-2.3025267,1.2963303,"(エポック999,試行回数2)"
-2.3972254,1.1974704,"(エポック999,試行回数2)"
-2.4881852,1.0906081,"(エポック999,試行回数2)"
-2.5751011,0.9759352,"(エポック999,試行回数2)"
-2.6576943,0.85370374,"(エポック999,試行回数2)"
-2.7357104,0.72422683,"(エポック999,試行回数2)"
-2.808913,0.58786535,"(エポック999,試行回数2)"
-2.877076,0.44501996,"(エポック999,試行回数2)"
-2.9399943,0.2961304,"(エポック999,試行回数2)"
-2.9974608,0.141654,"(エポック999,試行回数2)"
-3.0492651,-0.017934563,"(エポック999,試行回数2)"
-3.0951812,-0.18215592,"(エポック999,試行回数2)"
-3.1349773,-0.35052982,"(エポック999,試行回数2)"
-3.1683943,-0.52258164,"(エポック999,試行回数2)"
-3.1951401,-0.6978442,"(エポック999,試行回数2)"
-3.2148945,-0.8758595,"(エポック999,試行回数2)"
-3.227298,-1.0561771,"(エポック999,試行回数2)"
-3.2319834,-1.2383549,"(エポック999,試行回数2)"
-3.228552,-1.4219513,"(エポック999,試行回数2)"
-3.2166035,-1.6065205,"(エポック999,試行回数2)"
-3.195741,-1.7916183,"(エポック999,試行回数2)"
-3.1655905,-1.9767836,"(エポック999,試行回数2)"
-3.1258101,-2.161543,"(エポック999,試行回数2)"
-3.0760818,-2.3453999,"(エポック999,試行回数2)"
-3.016118,-2.5278437,"(エポック999,試行回数2)"
-2.9456499,-2.708339,"(エポック999,試行回数2)"
-2.8644187,-2.8863325,"(エポック999,試行回数2)"
-2.7721763,-3.0612416,"(エポック999,試行回数2)"
-2.668693,-3.232472,"(エポック999,試行回数2)"
-2.5537853,-3.3994064,"(エポック999,試行回数2)"
-2.4273105,-3.5614352,"(エポック999,試行回数2)"
-2.2892354,-3.717943,"(エポック999,試行回数2)"
-2.1396375,-3.868341,"(エポック999,試行回数2)"
-1.9787158,-4.01207,"(エポック999,試行回数2)"
-1.8068061,-4.148599,"(エポック999,試行回数2)"
-1.6243594,-4.277433,"(エポック999,試行回数2)"
-1.4319289,-4.3980737,"(エポック999,試行回数2)"
-1.2301422,-4.510028,"(エポック999,試行回数2)"
-1.0196849,-4.612787,"(エポック999,試行回数2)"
-0.8012647,-4.705779,"(エポック999,試行回数2)"
-0.5756107,-4.788421,"(エポック999,試行回数2)"
-0.3434479,-4.860106,"(エポック999,試行回数2)"
-0.10550928,-4.9201875,"(エポック999,試行回数2)"
0.13748138,-4.9680285,"(エポック999,試行回数2)"
0.38479424,-5.0030026,"(エポック999,試行回数2)"
0.63571596,-5.02446,"(エポック999,試行回数2)"
0.8895343,-5.031769,"(エポック999,試行回数2)"
1.1455569,-5.024329,"(エポック999,試行回数2)"
1.4030775,-5.0015335,"(エポック999,試行回数2)"
1.6613737,-4.9629006,"(エポック999,試行回数2)"
1.9196597,-4.9081407,"(エポック999,試行回数2)"
2.1771061,-4.837234,"(エポック999,試行回数2)"
2.4328072,-4.750545,"(エポック999,試行回数2)"
2.6858563,-4.6488147,"(エポック999,試行回数2)"
2.9353614,-4.5331755,"(エポック999,試行回数2)"
3.1804883,-4.404943,"(エポック999,試行回数2)"
3.4205065,-4.2655764,"(エポック999,試行回数2)"
3.6547897,-4.1165295,"(エポック999,試行回数2)"
3.8827698,-3.959157,"(エポック999,試行回数2)"
4.103965,-3.794676,"(エポック999,試行回数2)"
4.317971,-3.6241646,"(エポック999,試行回数2)"
4.5244865,-3.4485292,"(エポック999,試行回数2)"
4.723364,-3.2685406,"(エポック999,試行回数2)"
4.9145913,-3.0848517,"(エポック999,試行回数2)"
5.0983152,-2.8980136,"(エポック999,試行回数2)"
5.2747345,-2.7084408,"(エポック999,試行回数2)"
5.4441223,-2.5165026,"(エポック999,試行回数2)"
5.6067443,-2.3224986,"(エポック999,試行回数2)"
5.762867,-2.1266696,"(エポック999,試行回数2)"
5.912715,-1.9292172,"(エポック999,試行回数2)"
6.056503,-1.7302938,"(エポック999,試行回数2)"
6.194424,-1.5300225,"(エポック999,試行回数2)"
6.326645,-1.3285129,"(エポック999,試行回数2)"
6.453331,-1.1258419,"(エポック999,試行回数2)"
6.574611,-0.922064,"(エポック999,試行回数2)"
6.690609,-0.71723497,"(エポック999,試行回数2)"
6.8014235,-0.5113985,"(エポック999,試行回数2)"
6.9071274,-0.30458635,"(エポック999,試行回数2)"
7.007783,-0.09681766,"(エポック999,試行回数2)"
7.103388,0.111882575,"(エポック999,試行回数2)"
7.1939254,0.3215071,"(エポック999,試行回数2)"
7.279349,0.5320574,"(エポック999,試行回数2)"
7.3595905,0.74354136,"(エポック999,試行回数2)"
7.43457,0.9559694,"(エポック999,試行回数2)"
7.5041776,1.1693528,"(エポック999,試行回数2)"
7.568337,1.383707,"(エポック999,試行回数2)"
7.626999,1.5990382,"(エポック999,試行回数2)"
7.68016,1.8153358,"(エポック999,試行回数2)"
7.7278666,2.0325756,"(エポック999,試行回数2)"
7.7702327,2.250723,"(エポック999,試行回数2)"
7.807376,2.4697218,"(エポック999,試行回数2)"
7.8394995,2.689496,"(エポック999,試行回数2)"
7.866789,2.9099553,"(エポック999,試行回数2)"
7.8894258,3.1310017,"(エポック999,試行回数2)"
7.907588,3.3525164,"(エポック999,試行回数2)"
7.9214535,3.5743685,"(エポック999,試行回数2)"
7.9310985,3.7964246,"(エポック999,試行回数2)"
7.936602,4.018542,"(エポック999,試行回数2)"
7.93799,4.24057,"(エポック999,試行回数2)"
7.93525,4.462364,"(エポック999,試行回数2)"
7.928327,4.683777,"(エポック999,試行回数2)"
7.9171367,4.9046664,"(エポック999,試行回数2)"
7.901574,5.124905,"(エポック999,試行回数2)"
7.8815055,5.344372,"(エポック999,試行回数2)"
7.8568053,5.56296,"(エポック999,試行回数2)"
7.827349,5.7805786,"(エポック999,試行回数2)"
7.793019,5.997139,"(エポック999,試行回数2)"
7.7537136,6.212576,"(エポック999,試行回数2)"
7.7093735,6.4268064,"(エポック999,試行回数2)"
7.659974,6.639774,"(エポック999,試行回数2)"
7.605497,6.8514013,"(エポック999,試行回数2)"
7.545932,7.061624,"(エポック999,試行回数2)"
7.481279,7.2703695,"(エポック999,試行回数2)"
7.4115105,7.477572,"(エポック999,試行回数2)"
7.3366113,7.683141,"(エポック999,試行回数2)"
7.256485,7.887001,"(エポック999,試行回数2)"
7.171038,8.089077,"(エポック999,試行回数2)"
7.0801573,8.289301,"(エポック999,試行回数2)"
6.9837193,8.487597,"(エポック999,試行回数2)"
6.881585,8.683915,"(エポック999,試行回数2)"
6.7736735,8.878198,"(エポック999,試行回数2)"
6.6599264,9.070405,"(エポック999,試行回数2)"
6.540353,9.260502,"(エポック999,試行回数2)"
6.415029,9.448453,"(エポック999,試行回数2)"
6.2840977,9.634226,"(エポック999,試行回数2)"
6.147763,9.81778,"(エポック999,試行回数2)"
6.006288,9.999066,"(エポック999,試行回数2)"
5.859966,10.178016,"(エポック999,試行回数2)"
5.70906,10.354531,"(エポック999,試行回数2)"
5.553817,10.528478,"(エポック999,試行回数2)"
5.3944383,10.699721,"(エポック999,試行回数2)"
5.231062,10.868032,"(エポック999,試行回数2)"
5.0637326,11.033195,"(エポック999,試行回数2)"
4.8924503,11.194954,"(エポック999,試行回数2)"
4.7171516,11.353026,"(エポック999,試行回数2)"
4.5377307,11.507177,"(エポック999,試行回数2)"
4.354093,11.657175,"(エポック999,試行回数2)"
4.1662045,11.802857,"(エポック999,試行回数2)"
3.9740958,11.94415,"(エポック999,試行回数2)"
3.7778592,12.081042,"(エポック999,試行回数2)"
3.5776882,12.213636,"(エポック999,試行回数2)"
3.373838,12.342073,"(エポック999,試行回数2)"
3.1665478,12.466506,"(エポック999,試行回数2)"
2.9560406,12.587065,"(エポック999,試行回数2)"
2.7425182,12.703869,"(エポック999,試行回数2)"
2.526175,12.817014,"(エポック999,試行回数2)"
